Date,USDC,DAI,USDT
2020-02-29 23:59:59,0.03554803948093,0.08075303821056,0.02600956602101
2020-03-01 23:59:59,0.03638079741238,0.08079765559676,0.02600956602101
2020-03-02 23:59:59,0.04082949420035,0.08073115364553,0.02600956602101
2020-03-03 23:59:59,0.0401221694058,0.08071904069742,0.02600956602101
2020-03-04 23:59:59,0.04122973586202,0.08070972873328,0.02600956602101
2020-03-05 23:59:59,0.04642418884033,0.0807053450383,0.02600956602101
2020-03-06 23:59:59,0.02921113183395,0.08070609531352,0.02600956602101
2020-03-07 23:59:59,0.02954220750398,0.08070868007421,0.02600956602101
2020-03-08 23:59:59,0.03355211939333,0.08071474797456,0.02600956602101
2020-03-09 23:59:59,0.04190818265661,0.08084623765867,0.02600956602101
2020-03-10 23:59:59,0.02655116044988,0.08080573094226,0.02600956602101
2020-03-11 23:59:59,0.0222120996314,0.0809473189639,0.02600956602101
2020-03-12 23:59:59,0.01075351665644,0.20853579953703,0.02600956602101
2020-03-13 23:59:59,0.01231414545836,0.10035465712943,0.02600956602101
2020-03-14 23:59:59,0.01049093020086,0.10343201158618,0.02600956602101
2020-03-15 23:59:59,0.00855201289789,0.04080179106126,0.02600956602101
2020-03-16 23:59:59,0.00435699450065,0.1174543102091,0.02600956602101
2020-03-17 23:59:59,0.00327773115257,0.07511736149967,0.02600956602101
2020-03-18 23:59:59,0.00336380528935,0.04645465837626,0.02600956602101
2020-03-19 23:59:59,0.00399528065253,0.04234450955945,0.02600956602101
2020-03-20 23:59:59,0.00414703218483,0.03844832166131,0.02600956602101
2020-03-21 23:59:59,0.00426870814554,0.03393183702312,0.02600956602101
2020-03-22 23:59:59,0.0040050755902,0.03376879595001,0.02600956602101
2020-03-23 23:59:59,0.00461493803425,0.03017399880938,0.02600956602101
2020-03-24 23:59:59,0.00446766821866,0.03061832928078,0.02600956602101
2020-03-25 23:59:59,0.00464207940189,0.03016447693811,0.02600956602101
2020-03-26 23:59:59,0.00439330528628,0.02319485096232,0.02600956602101
2020-03-27 23:59:59,0.00457109699614,0.02352028109639,0.02600956602101
2020-03-28 23:59:59,0.00438079385059,0.02362710795816,0.02600956602101
2020-03-29 23:59:59,0.00434694265396,0.02368107505195,0.02600956602101
2020-03-30 23:59:59,0.00435168384579,0.02373748050629,0.02600956602101
2020-03-31 23:59:59,0.00460625060339,0.02291048039396,0.02600956602101
2020-04-01 23:59:59,0.00444159587365,0.02233854452258,0.02600956602101
2020-04-02 23:59:59,0.00445417315054,0.0222700869508,0.02600956602101
2020-04-03 23:59:59,0.00464437141068,0.02144457020947,0.02600956602101
2020-04-04 23:59:59,0.00472741039535,0.02076892812424,0.02600956602101
2020-04-05 23:59:59,0.0047236291196,0.02038923157307,0.02600956602101
2020-04-06 23:59:59,0.00535259906666,0.00171523856642,0.02600956602101
2020-04-07 23:59:59,0.00410339671244,0.00323285077109,0.02600956602101
2020-04-08 23:59:59,0.00408504414427,0.00361226514097,0.02600956602101
2020-04-09 23:59:59,0.00407453755142,0.00375816835225,0.02600956602101
2020-04-10 23:59:59,0.00412396379858,0.00403470518668,0.02600956602101
2020-04-11 23:59:59,0.00399998191185,0.00421969131256,0.02600956602101
2020-04-12 23:59:59,0.00409281226725,0.00419762456081,0.02600956602101
2020-04-13 23:59:59,0.00391220943188,0.00422228742783,0.02600956602101
2020-04-14 23:59:59,0.00389103725789,0.00437929547104,0.02600956602101
2020-04-15 23:59:59,0.00414657742339,0.00450328270119,0.02600956602101
2020-04-16 23:59:59,0.00402273535797,0.0044681494124,0.02600956602101
2020-04-17 23:59:59,0.00404308002188,0.0046590240572,0.02600956602101
2020-04-18 23:59:59,0.00431538596264,0.03378799096658,0.02600956602101
2020-04-19 23:59:59,0.00426430586816,0.0265237478493,0.02600956602101
2020-04-20 23:59:59,0.00443521697882,0.12642120094003,0.02600956602101
2020-04-21 23:59:59,0.00450909741648,0.05504350297162,0.02600956602101
2020-04-22 23:59:59,0.00490898390118,0.03221460325472,0.02600956602101
2020-04-23 23:59:59,0.00519544676497,0.02548526931557,0.02600956602101
2020-04-24 23:59:59,0.00522895745258,0.01823243615798,0.02600956602101
2020-04-25 23:59:59,0.00542694249381,0.02430263931455,0.02600956602101
2020-04-26 23:59:59,0.00533154191131,0.01470110376857,0.02600956602101
2020-04-27 23:59:59,0.00517835275622,0.02152273908667,0.02600956602101
2020-04-28 23:59:59,0.00519235528212,0.02037050460075,0.02600956602101
2020-04-29 23:59:59,0.0058314764325,0.0106359650099,0.02600956602101
2020-04-30 23:59:59,0.00589723722154,0.01482752914919,0.02600956602101
2020-05-01 23:59:59,0.00574769897204,0.03973412390451,0.02600956602101
2020-05-02 23:59:59,0.00923715512085,0.00801212702996,0.02600956602101
2020-05-03 23:59:59,0.00965809855314,0.00787617885392,0.02600956602101
2020-05-04 23:59:59,0.01042977726315,0.00757882119808,0.02600956602101
2020-05-05 23:59:59,0.01188608424705,0.00690650892697,0.01480512794915
2020-05-06 23:59:59,0.01129149532239,0.00767583100043,0.03045733833691
2020-05-07 23:59:59,0.01249993464544,0.0077683825946,0.01894989285025
2020-05-08 23:59:59,0.01157900925213,0.0078995478522,0.00623515463254
2020-05-09 23:59:59,0.01145817226355,0.00789092558547,0.0143137455152
2020-05-10 23:59:59,0.00863869101979,0.00797606433594,0.0172559864526
2020-05-11 23:59:59,0.0087991775202,0.0073349023089,0.02841701954199
2020-05-12 23:59:59,0.0087878481722,0.00814322671532,0.0164612363051
2020-05-13 23:59:59,0.007431154942,0.00829598086538,0.01567398318913
2020-05-14 23:59:59,0.00883432066846,0.00827275970801,0.0390483344399
2020-05-15 23:59:59,0.00885381864238,0.00852326184423,0.02310967872411
2020-05-16 23:59:59,0.00789967609816,0.00849809023995,0.02161032270393
2020-05-17 23:59:59,0.00797769271359,0.00906368381288,0.01675380651083
2020-05-18 23:59:59,0.00945088790697,0.01011002484068,0.00648506742632
2020-05-19 23:59:59,0.01017808091837,0.0087999665037,0.00715345063152
2020-05-20 23:59:59,0.01039453502397,0.0087393410197,0.00753127183728
2020-05-21 23:59:59,0.00889496187559,0.00832012702181,0.01216708330117
2020-05-22 23:59:59,0.01197978057469,0.00524789960312,0.02024610177423
2020-05-23 23:59:59,0.01123498008242,0.00694160118476,0.02663452097576
2020-05-24 23:59:59,0.01614114961991,0.00730014272215,0.03382562893096
2020-05-25 23:59:59,0.01667552591973,0.00731428690497,0.0302329087061
2020-05-26 23:59:59,0.01362091678501,0.00649708012129,0.02989417827308
2020-05-27 23:59:59,0.01487853564369,0.00690567676896,0.027011692466
2020-05-28 23:59:59,0.01900705382711,0.0069566500109,0.03241157339336
2020-05-29 23:59:59,0.02076408680511,0.00721857963356,0.01740677393539
2020-05-30 23:59:59,0.02050110647596,0.00754758266049,0.02052314631728
2020-05-31 23:59:59,0.01848612285192,0.0095430183567,0.02059120125301
2020-06-01 23:59:59,0.01852138501895,0.00895225852059,0.02058102899637
2020-06-02 23:59:59,0.01846126265341,0.01182355144131,0.02110012575183
2020-06-03 23:59:59,0.01873546713307,0.00411599374117,0.03076735297056
2020-06-04 23:59:59,0.01888286195733,0.00393867261876,0.03076710659991
2020-06-05 23:59:59,0.01888286195733,0.00393867261876,0.03076710659991
2020-06-06 23:59:59,0.01888286195733,0.00393867261876,0.03076710659991
2020-06-07 23:59:59,0.01888286195733,0.00393867261876,0.03076710659991
2020-06-08 23:59:59,0.01888286195733,0.00393867261876,0.03076710659991
2020-06-09 23:59:59,0.01888286195733,0.00393867261876,0.03076710659991
2020-06-10 23:59:59,0.01888286195733,0.00393867261876,0.03076710659991
2020-06-11 23:59:59,0.01888286195733,0.00393867261876,0.03076710659991
2020-06-12 23:59:59,0.01888286195733,0.00393867261876,0.03076710659991
2020-06-13 23:59:59,0.01349407808746,0.01303744640238,0.17245689541087
2020-06-14 23:59:59,0.01683318820911,0.01168257047506,0.174201379434
2020-06-15 23:59:59,0.00791269875192,0.01002973165822,0.15089707764659
2020-06-16 23:59:59,0.00379448829973,0.00854942943994,0.11248579087354
2020-06-17 23:59:59,0.00234713615004,0.00663639905696,0.12059980804213
2020-06-18 23:59:59,0.00162139750471,0.00539998758384,0.11518019645871
2020-06-19 23:59:59,0.00109547832071,0.00612666027747,0.11176756912419
2020-06-20 23:59:59,0.00118032142438,0.00694094300917,0.08102024823543
2020-06-21 23:59:59,0.00094210449942,0.0077076690453,0.04715222963624
2020-06-22 23:59:59,0.00096629954036,0.01053811241499,0.04735788542288
2020-06-23 23:59:59,0.00099165948163,0.00841269918118,0.04636441340128
2020-06-24 23:59:59,0.00113098656472,0.00905764349422,0.04382622797109
2020-06-25 23:59:59,0.00168767457084,0.0084400804515,0.02917367789431
2020-06-26 23:59:59,0.00210748855665,0.0087446327613,0.02673338411043
2020-06-27 23:59:59,0.00144614731591,0.0097636532263,0.02615923302413
2020-06-28 23:59:59,0.00131550322732,0.01091409912365,0.02536075274363
2020-06-29 23:59:59,0.00134296522229,0.01120822516831,0.02999370312566
2020-06-30 23:59:59,0.00344111019372,0.00960087514817,0.03225353956262
2020-07-01 23:59:59,0.00399523419642,0.00605948155791,0.0300797172522
2020-07-02 23:59:59,0.02818920427051,0.05636331045436,0.03127881546732
2020-07-03 23:59:59,0.02867106462026,0.03328130403227,0.02720025485771
2020-07-04 23:59:59,0.02822598681715,0.02682311681232,0.02108541884484
2020-07-05 23:59:59,0.02819082822431,0.02573155394878,0.01967677458949
2020-07-06 23:59:59,0.02714617834411,0.03018366904185,0.02178442471517
2020-07-07 23:59:59,0.01731308405676,0.05185479963854,0.01964500060239
2020-07-08 23:59:59,0.01870879119706,0.02296675917917,0.02102436113879
2020-07-09 23:59:59,0.01670003614128,0.02868681903874,0.03750956924797
2020-07-10 23:59:59,0.01717736318757,0.02649821450939,0.02695015866841
2020-07-11 23:59:59,0.0178345360508,0.01974198581144,0.02780569468047
2020-07-12 23:59:59,0.01764355769763,0.03085450104716,0.02804051798696
2020-07-13 23:59:59,0.01758740427737,0.02578809774221,0.03713375653935
2020-07-14 23:59:59,0.01770169171118,0.02321401553831,0.0316171981689
2020-07-15 23:59:59,0.01910738454924,0.0213504655086,0.02414369214968
2020-07-16 23:59:59,0.01905069555829,0.02634739696062,0.0220228106518
2020-07-17 23:59:59,0.01602598519396,0.01715076109245,0.01469556807598
2020-07-18 23:59:59,0.01720905746747,0.0171753931971,0.01557780318858
2020-07-19 23:59:59,0.01870122970108,0.03573439669337,0.01495119839747
2020-07-20 23:59:59,0.01682248827295,0.0549669661694,0.01716504759311
2020-07-21 23:59:59,0.01859700051405,0.06518486737486,0.02394192813437
2020-07-22 23:59:59,0.01683903748437,0.07573873639555,0.03370633458198
2020-07-23 23:59:59,0.01055773741942,0.07042794634123,0.03950927116195
2020-07-24 23:59:59,0.00951268643614,0.05210529762959,0.03269610863977
2020-07-25 23:59:59,0.01650812165,0.01549284342374,0.0813511348607
2020-07-26 23:59:59,0.00912708411583,0.01583756652642,0.03658733117976
2020-07-27 23:59:59,0.00824874852665,0.01599397799751,0.01640821094624
2020-07-28 23:59:59,0.00832982176827,0.09234865891599,0.02246667849742
2020-07-29 23:59:59,0.00966875888724,0.09134063212086,0.02967401429456
2020-07-30 23:59:59,0.01590486094819,0.07744569889964,0.01490861712227
2020-07-31 23:59:59,0.02268407299819,0.04256410540892,0.07256551184517
2020-08-01 23:59:59,0.01852295223897,0.06754013377902,0.07171985331865
2020-08-02 23:59:59,0.02257409529248,0.05568971952388,0.08361677626178
2020-08-03 23:59:59,0.02150545741649,0.03082088167989,0.0258809093041
2020-08-04 23:59:59,0.02182223276468,0.04079506991563,0.02925888817032
2020-08-05 23:59:59,0.02267362505106,0.03544407792226,0.02606775104851
2020-08-06 23:59:59,0.02345665067108,0.04870085166983,0.02759160331346
2020-08-07 23:59:59,0.02562691824073,0.03468968666667,0.02604079445668
2020-08-08 23:59:59,0.02089997584351,0.03882397653717,0.02630125415062
2020-08-09 23:59:59,0.01953520351688,0.03886668662234,0.00757034694073
2020-08-10 23:59:59,0.02184128064425,0.03053318584362,0.00727901235368
2020-08-11 23:59:59,0.02366675813094,0.03464055203699,0.00675120587283
2020-08-12 23:59:59,0.02405010938144,0.03900309412757,0.00873739520941
2020-08-13 23:59:59,0.01853013667294,0.049384786408,0.00856687012951
2020-08-14 23:59:59,0.05360756129531,0.02944755984555,0.08354604871007
2020-08-15 23:59:59,0.08609883946335,0.0299431857695,0.0151494088669
2020-08-16 23:59:59,0.07676647667734,0.03001583174104,0.03533432118301
2020-08-17 23:59:59,0.06594460220379,0.02980875712832,0.01235343992521
2020-08-18 23:59:59,0.05478362935321,0.03053335773131,0.0138833535197
2020-08-19 23:59:59,0.04800412182379,0.0304554262457,0.01729660942355
2020-08-20 23:59:59,0.0294766959079,0.02991887121381,0.02202149677907
2020-08-21 23:59:59,0.0285581302981,0.03002768620385,0.00459451248513
2020-08-22 23:59:59,0.02648568219603,0.03004209591692,0.00504488071045
2020-08-23 23:59:59,0.02672230362057,0.02986727516171,0.00900735429352
2020-08-24 23:59:59,0.02064756309644,0.04306154317731,0.01314629428371
2020-08-25 23:59:59,0.02448460308906,0.03050631920257,0.0114070322478
2020-08-26 23:59:59,0.02386009133309,0.03011760212265,0.01107764174406
2020-08-27 23:59:59,0.02870577807043,0.03069564412145,0.0135138103549
2020-08-28 23:59:59,0.02282992327457,0.03072626232517,0.01623013784782
2020-08-29 23:59:59,0.02222083708154,0.03060177560537,0.02023735712846
2020-08-30 23:59:59,0.02083934996286,0.0304531034159,0.02177564499737
2020-08-31 23:59:59,0.01874415165243,0.03021892601466,0.02839824816405
2020-09-01 23:59:59,0.01896226243679,0.03541073536056,0.04900251205976
2020-09-02 23:59:59,0.01913798494254,0.0347123728206,0.19201708427224
2020-09-03 23:59:59,0.01779712748788,0.02897346886108,0.04789334598473
2020-09-04 23:59:59,0.01535439571983,0.03012465399997,0.08579906772804
2020-09-05 23:59:59,0.0166710534316,0.03022420507475,0.02181300354822
2020-09-06 23:59:59,0.01591832643757,0.03082241137665,0.05814360507603
2020-09-07 23:59:59,0.01836511024109,0.03032781852132,0.03404016656956
2020-09-08 23:59:59,0.01850397864087,0.03283170271437,0.0207501879537
2020-09-09 23:59:59,0.02346698150404,0.02981079218429,0.01189499612721
2020-09-10 23:59:59,0.02499553955104,0.03397444012177,0.01702743527744
2020-09-11 23:59:59,0.02519422620859,0.03685861059467,0.02338530513572
2020-09-12 23:59:59,0.02793778567942,0.0311159416336,0.02233828521321
2020-09-13 23:59:59,0.02938441398035,0.0307901653857,0.01318601150262
2020-09-14 23:59:59,0.01856006532477,0.06691949811568,0.06240010340114
2020-09-15 23:59:59,0.02226033254847,0.07252441836554,0.03201466463296
2020-09-16 23:59:59,0.03036712286409,0.03137524686479,0.04930901943668
2020-09-17 23:59:59,0.02764781125009,0.03409864624436,0.01776712113148
2020-09-18 23:59:59,0.02619394054398,0.03059131672838,0.01227653287707
2020-09-19 23:59:59,0.02346215142887,0.03025305619268,0.01213129044625
2020-09-20 23:59:59,0.01881193985936,0.02926527093524,0.01292438016428
2020-09-21 23:59:59,0.00534092594016,0.02891500758393,0.0106799461256
2020-09-22 23:59:59,0.00600874127319,0.02889891856789,0.01326388788677
2020-09-23 23:59:59,0.00551651348457,0.02809249992132,0.01248153956132
2020-09-24 23:59:59,0.0055523728929,0.02787485282009,0.00705454357482
2020-09-25 23:59:59,0.00522510500386,0.02791945630291,0.0010773126069
2020-09-26 23:59:59,0.00526727142811,0.0280407935904,0.00125085518239
2020-09-27 23:59:59,0.00577691345254,0.02832895650069,0.00036650381569
2020-09-28 23:59:59,0.00589199353329,0.02841764381116,0.00098744406728
2020-09-29 23:59:59,0.00550772978665,0.02857722984373,0.00117227185381
2020-09-30 23:59:59,0.00566180905779,0.0284916117721,0.00138718173606
2020-10-01 23:59:59,0.00454255925186,0.02905013263457,0.00187063355214
2020-10-02 23:59:59,0.00497359647018,0.02924283315183,0.002267819179
2020-10-03 23:59:59,0.00525337439661,0.02916711849236,0.00292290817224
2020-10-04 23:59:59,0.00587568110332,0.02914920268838,0.00287320493734
2020-10-05 23:59:59,0.00563271447641,0.02932869699319,0.00471170842753
2020-10-06 23:59:59,0.00505056692359,0.029060515663,0.00553145775827
2020-10-07 23:59:59,0.005508202791,0.02932560800472,0.00546881827471
2020-10-08 23:59:59,0.00532650558615,0.0290459770309,0.00636953445839
2020-10-09 23:59:59,0.00589667160682,0.02897462185886,0.01170040596313
2020-10-10 23:59:59,0.00609844145328,0.02904086935757,0.02142404299127
2020-10-11 23:59:59,0.00742890481495,0.02896323290974,0.02483719247249
2020-10-12 23:59:59,0.0076538200335,0.02902392234141,0.02575709696611
2020-10-13 23:59:59,0.00962398214683,0.02814749460952,0.0239399299224
2020-10-14 23:59:59,0.0106866926506,0.02802031673996,0.02887460609848
2020-10-15 23:59:59,0.01145126470947,0.02820022813692,0.0297287681572
2020-10-16 23:59:59,0.01243113382887,0.02801480224851,0.05021759103743
2020-10-17 23:59:59,0.01257987240737,0.02784626333472,0.03806160363234
2020-10-18 23:59:59,0.01450442488731,0.0279295734735,0.02472765531705
2020-10-19 23:59:59,0.01582673733064,0.0281868838204,0.02378476600541
2020-10-20 23:59:59,0.01914963786501,0.02774965865043,0.09772581935474
2020-10-21 23:59:59,0.02513641866407,0.02789738499507,0.0275809560702
2020-10-22 23:59:59,0.02256640699652,0.02823302328814,0.02445995600684
2020-10-23 23:59:59,0.02435069539153,0.02777351588266,0.06382527249507
2020-10-24 23:59:59,0.02150549037834,0.02836679057998,0.02575272496626
2020-10-25 23:59:59,0.0238859117663,0.02854820651673,0.0242389140109
2020-10-26 23:59:59,0.02667697931824,0.02872519377284,0.04623980301189
2020-10-27 23:59:59,0.02967194862144,0.02898258908003,0.04360499153628
2020-10-28 23:59:59,0.02579026205615,0.03009724162426,0.0409048984595
2020-10-29 23:59:59,0.02864910599294,0.03083405719617,0.0295327515031
2020-10-30 23:59:59,0.02854412332625,0.03057112771678,0.03450827024108
2020-10-31 23:59:59,0.03070904519174,0.03077802507142,0.02553512752508
2020-11-01 23:59:59,0.04357491023816,0.03040488710936,0.02431310223277
2020-11-02 23:59:59,0.02611739862524,0.03035995774306,0.03490694147214
2020-11-03 23:59:59,0.02466056771796,0.03007953124756,0.03429589888887
2020-11-04 23:59:59,0.02581293797604,0.03029329001615,0.04007272389337
2020-11-05 23:59:59,0.02643584646075,0.03017289143367,0.03056743960745
2020-11-06 23:59:59,0.02968581819063,0.02949343826759,0.03904514026595
2020-11-07 23:59:59,0.05108624440079,0.03029787547754,0.09960469518529
2020-11-08 23:59:59,0.03425315224156,0.03031997069546,0.03698578195637
2020-11-09 23:59:59,0.02326738256119,0.02977733336163,0.02436954101479
2020-11-10 23:59:59,0.02367309754244,0.02956064348373,0.02458164444506
2020-11-11 23:59:59,0.02448319159972,0.02921483858909,0.03548350417003
2020-11-12 23:59:59,0.0288968504915,0.02923499979021,0.13531883341908
2020-11-13 23:59:59,0.02998649308833,0.02924393030014,0.04095886126432
2020-11-14 23:59:59,0.02999063178393,0.02937158634924,0.02452888339303
2020-11-15 23:59:59,0.02997343827225,0.02942511507595,0.01712970366776
2020-11-16 23:59:59,0.02651959758167,0.03014964041906,0.0133392945674
2020-11-17 23:59:59,0.03006643261588,0.02978410028032,0.02233569919583
2020-11-18 23:59:59,0.03038275201275,0.03034602019164,0.06024967005958
2020-11-19 23:59:59,0.05862161648129,0.03078866127429,0.06067178167927
2020-11-20 23:59:59,0.05470199045629,0.0309594896926,0.06178405839866
2020-11-21 23:59:59,0.06597957080344,0.03200998656763,0.11275366344474
2020-11-22 23:59:59,0.04502216033524,0.0354767388688,0.02579597226919
2020-11-23 23:59:59,0.05101448766422,0.0353972003329,0.0239731607944
2020-11-24 23:59:59,0.05466518165248,0.03729698494862,0.02538630846003
2020-11-25 23:59:59,0.04978866151803,0.03460756683153,0.02423721413025
2020-11-26 23:59:59,0.02686791672739,0.02843497834343,0.02029259400492
2020-11-27 23:59:59,0.02782937195358,0.02872257058459,0.02081629315118
2020-11-28 23:59:59,0.02777291626082,0.02880405950511,0.03968218472406
2020-11-29 23:59:59,0.02912317198344,0.02886882635044,0.04516990519902
2020-11-30 23:59:59,0.04308249980788,0.02892088564324,0.02319415815671
2020-12-01 23:59:59,0.03739469787158,0.0291286238113,0.07702711509747
2020-12-02 23:59:59,0.04835563868906,0.03564233917321,0.02342857627663
2020-12-03 23:59:59,0.04302984310417,0.03099938086805,0.02597721556623
2020-12-04 23:59:59,0.03208345661807,0.03097842862419,0.02592739850319
2020-12-05 23:59:59,0.03052771946799,0.03424670696753,0.01994411189875
2020-12-06 23:59:59,0.02935772787806,0.03108878088046,0.01726348384753
2020-12-07 23:59:59,0.02883018171398,0.03202722261302,0.01914669910641
2020-12-08 23:59:59,0.02849189468524,0.03070850238237,0.01794945868527
2020-12-09 23:59:59,0.02728355559301,0.03016771224695,0.01933973590622
2020-12-10 23:59:59,0.02769375933269,0.03016190270829,0.01731787242139
2020-12-11 23:59:59,0.02746982302382,0.03037489380349,0.01854399270817
2020-12-12 23:59:59,0.02689629158585,0.02696016161277,0.0209245424461
2020-12-13 23:59:59,0.02686738546397,0.02844055860074,0.02097125285191
2020-12-14 23:59:59,0.02680160102986,0.02973325428645,0.02145353644613
2020-12-15 23:59:59,0.02629123272402,0.03240611246034,0.02016826435469
2020-12-16 23:59:59,0.02711759703934,0.03242330109365,0.04764253374147
2020-12-17 23:59:59,0.04224999699982,0.03602456382088,0.08428293154097
2020-12-18 23:59:59,0.04373136833837,0.03914054078564,0.06128229735105
2020-12-19 23:59:59,0.04910984045741,0.03180807003172,0.06199526436473
2020-12-20 23:59:59,0.05944528420419,0.03914098924212,0.05169539063026
2020-12-21 23:59:59,0.05281036782764,0.03695652398671,0.02808200926296
2020-12-22 23:59:59,0.05599134172893,0.03709477037077,0.05680780475423
2020-12-23 23:59:59,0.0558846480936,0.03974929054059,0.0252317271784
2020-12-24 23:59:59,0.05521995522177,0.05069491969129,0.09654633280104
2020-12-25 23:59:59,0.04987950804052,0.04382227102257,0.01940311803916
2020-12-26 23:59:59,0.05519483272715,0.04368022851565,0.02573847173025
2020-12-27 23:59:59,0.05726118573854,0.06432025777728,0.05677411673643
2020-12-28 23:59:59,0.06685258678731,0.05678205222332,0.0659450741609
2020-12-29 23:59:59,0.04600242814993,0.05743791008468,0.07619457235241
2020-12-30 23:59:59,0.10821690710762,0.07530628838454,0.09314481695205
2020-12-31 23:59:59,0.08134888417192,0.08170884032631,0.09521130174654
2021-01-01 23:59:59,0.05429644847512,0.10214702262683,0.1264377386101
2021-01-02 23:59:59,0.08741540532052,0.12380871733303,0.13670752485244
2021-01-03 23:59:59,0.07783375351289,0.12250727248874,0.19987268611238
2021-01-04 23:59:59,0.06157694169273,0.03647440442529,0.09294501724782
2021-01-05 23:59:59,0.06839080657636,0.05097241501829,0.08005591529834
2021-01-06 23:59:59,0.06764117297366,0.06165380184946,0.08888765967133
2021-01-07 23:59:59,0.07658177739401,0.06327301986632,0.11209312032149
2021-01-08 23:59:59,0.06819376341589,0.04125259789751,0.09374851035571
2021-01-09 23:59:59,0.05340557358564,0.04545191732421,0.02999537575656
2021-01-10 23:59:59,0.06529267152325,0.05968754820306,0.0799390632221
2021-01-11 23:59:59,0.10942563822163,0.03658051349435,0.09642497033423
2021-01-12 23:59:59,0.0814547340753,0.05113443783429,0.08498866328269
2021-01-13 23:59:59,0.07741072022084,0.07086741177855,0.08714441322678
2021-01-14 23:59:59,0.08117959961861,0.10288791147801,0.11095425707469
2021-01-15 23:59:59,0.09848928355028,0.14434262465395,0.11290941857985
2021-01-16 23:59:59,0.08969500028144,0.09357332737057,0.12490234938678
2021-01-17 23:59:59,0.07992958960367,0.07503595564121,0.1555241985054
2021-01-18 23:59:59,0.08089365034099,0.07529427276336,0.13338124787075
2021-01-19 23:59:59,0.09699203773428,0.08590076093679,0.11566381187131
2021-01-20 23:59:59,0.08447433424685,0.07443542934825,0.05761147529859
2021-01-21 23:59:59,0.07307058510256,0.05656737744008,0.07485574704323
2021-01-22 23:59:59,0.07671270357664,0.04801538170955,0.11547261178084
2021-01-23 23:59:59,0.06080492837336,0.04474825412825,0.07099768375393
2021-01-24 23:59:59,0.06450364204258,0.04730509830467,0.08448651067462
2021-01-25 23:59:59,0.06624146307882,0.04471709829049,0.09182308199999
2021-01-26 23:59:59,0.05852076816941,0.03593504204768,0.07863934843589
2021-01-27 23:59:59,0.04682021368326,0.04301455694394,0.11123024530181
2021-01-28 23:59:59,0.0511586916099,0.04974997817191,0.14593411764478
2021-01-29 23:59:59,0.08839372440039,0.06188965832923,0.13322443413039
2021-01-30 23:59:59,0.09022422379268,0.06165073110089,0.09061680604391
2021-01-31 23:59:59,0.07410775407692,0.0624512552354,0.08990491799785
2021-02-01 23:59:59,0.06409960605527,0.07286029386643,0.1184410021951
2021-02-02 23:59:59,0.08820884201896,0.07469908856971,0.07924008754135
2021-02-03 23:59:59,0.10048359925718,0.0798124930514,0.11672405370144
2021-02-04 23:59:59,0.11801819666086,0.08570800412747,0.13960988966633
2021-02-05 23:59:59,0.10390183653321,0.10067609129322,0.11874836824277
2021-02-06 23:59:59,0.09991942377788,0.09995070010311,0.11085301700315
2021-02-07 23:59:59,0.09627981810574,0.11124773890425,0.10550472662733
2021-02-08 23:59:59,0.09819894744887,0.10526604807988,0.17462518665351
2021-02-09 23:59:59,0.10623587652353,0.12555026459024,0.16071645355973
2021-02-10 23:59:59,0.10621907001665,0.11824389289963,0.16472876212515
2021-02-11 23:59:59,0.10778976114613,0.11456076497465,0.11492943280722
2021-02-12 23:59:59,0.11522360759971,0.11226852015656,0.14442868846231
2021-02-13 23:59:59,0.1046371940138,0.11111749100303,0.13849574842498
2021-02-14 23:59:59,0.10251021317224,0.11622959986002,0.11914647832902
2021-02-15 23:59:59,0.10414878716634,0.1008504733752,0.10340866621998
2021-02-16 23:59:59,0.08173120279627,0.09020149597681,0.07414484344415
2021-02-17 23:59:59,0.1348016423237,0.08296293188012,0.1379494252136
2021-02-18 23:59:59,0.11163064288101,0.0771161589598,0.11632664724983
2021-02-19 23:59:59,0.11096004446626,0.07622895034139,0.12482008903518
2021-02-20 23:59:59,0.0897314172352,0.08252044980163,0.09816411724125
2021-02-21 23:59:59,0.08930330253929,0.08029050428798,0.1105452269239
2021-02-22 23:59:59,0.0893921504856,0.07631481555288,0.0592989206086
2021-02-23 23:59:59,0.04487545980898,0.07094231433142,0.02811314492709
2021-02-24 23:59:59,0.04951396371174,0.07041909383117,0.09858176161178
2021-02-25 23:59:59,0.05984034105853,0.07386790580312,0.07407426141813
2021-02-26 23:59:59,0.0282480823335,0.07017926079918,0.04019380714752
2021-02-27 23:59:59,0.0282871180617,0.06874858281191,0.06489410750649
2021-02-28 23:59:59,0.02802947588721,0.04975512712361,0.02955841008006
2021-03-01 23:59:59,0.02833682054893,0.05371206291959,0.05905834941143
2021-03-02 23:59:59,0.03710347295667,0.05809999738565,0.03436573273404
2021-03-03 23:59:59,0.06957051232424,0.06512934376048,0.06937820462457
2021-03-04 23:59:59,0.05716555879028,0.07143925865276,0.04118525990965
2021-03-05 23:59:59,0.05376269772227,0.07255445102052,0.04950596159686
2021-03-06 23:59:59,0.04876056887417,0.06740462819973,0.05967011757082
2021-03-07 23:59:59,0.06444352868747,0.03006299731339,0.02918938839838
2021-03-08 23:59:59,0.07395625591235,0.03843956311379,0.09115403387167
2021-03-09 23:59:59,0.07462304280477,0.03843956311379,0.09115403387167
2021-03-10 23:59:59,0.12228474038318,0.07127724751192,0.11422154927656
2021-03-11 23:59:59,0.11210998470578,0.06785474745097,0.12545653983027
2021-03-12 23:59:59,0.02733878038155,0.07167157620274,0.00964264577578
2021-03-13 23:59:59,0.02734534475572,0.06829058847729,0.01254079209451
2021-03-14 23:59:59,0.02813434933449,0.06498857191625,0.02382120994103
2021-03-15 23:59:59,0.02870178716685,0.05984469227705,0.02496745526178
2021-03-16 23:59:59,0.05144001085799,0.05673406609694,0.03239093894957
2021-03-17 23:59:59,0.05759615384943,0.06039208888736,0.05973860523843
2021-03-18 23:59:59,0.05990953637038,0.0631888397403,0.11200808176532
2021-03-19 23:59:59,0.06509722432621,0.06359138834013,0.05813972203282
2021-03-20 23:59:59,0.06301432008924,0.07087955139019,0.0266343686665
2021-03-21 23:59:59,0.05907358052401,0.07623076874667,0.02960840543291
2021-03-22 23:59:59,0.05572388595261,0.07100670038015,0.02771431184084
2021-03-23 23:59:59,0.04857515249205,0.07952499328199,0.02574363323818
2021-03-24 23:59:59,0.05506141995379,0.07745323701759,0.0243342195025
2021-03-25 23:59:59,0.04418123839915,0.05959686990588,0.03035388881012
2021-03-26 23:59:59,0.03883812108841,0.05070462076967,0.02959289299473
2021-03-27 23:59:59,0.13858587850123,0.07681724198188,0.10462147533955
2021-03-28 23:59:59,0.10213490087611,0.07566697687041,0.09020828229717
2021-03-29 23:59:59,0.10334153399301,0.07023057214673,0.07800921201019
2021-03-30 23:59:59,0.08054399785524,0.06697841636407,0.12309358088404
2021-03-31 23:59:59,0.08347174587335,0.06853176727994,0.12365996648266
2021-04-01 23:59:59,0.08448556656253,0.07106056024958,0.05809214562539
2021-04-02 23:59:59,0.08574717497878,0.0682791978419,0.06659034866728
2021-04-03 23:59:59,0.13984419089609,0.06824743639807,0.11163089913661
2021-04-04 23:59:59,0.13086258384089,0.05958290722428,0.10991112897878
2021-04-05 23:59:59,0.11830495183783,0.04507995378044,0.07368765240726
2021-04-06 23:59:59,0.11635643248619,0.04844735700252,0.08579816024802
2021-04-07 23:59:59,0.09104961193675,0.05009298499887,0.02949346007877
2021-04-08 23:59:59,0.08379240109773,0.06541677211215,0.05484143593796
2021-04-09 23:59:59,0.08642244614684,0.06715930374209,0.04906286462388
2021-04-10 23:59:59,0.09260241628858,0.07217920586488,0.08968496978812
2021-04-11 23:59:59,0.08913259055098,0.06626860034992,0.08578183771333
2021-04-12 23:59:59,0.06983279158182,0.04326893526727,0.0265153779881
2021-04-13 23:59:59,0.04996860292054,0.03295274956388,0.03546300875365
2021-04-14 23:59:59,0.07138462052321,0.03461845386686,0.08851923655505
2021-04-15 23:59:59,0.10073972287094,0.0684374163048,0.09784004204832
2021-04-16 23:59:59,0.08986008374243,0.05004308960274,0.09043721565619
2021-04-17 23:59:59,0.0818823711393,0.03959327119578,0.09366297410231
2021-04-18 23:59:59,0.0475338585511,0.04450916924942,0.02383999344341
2021-04-19 23:59:59,0.02801447887581,0.04558195160824,0.02451903562412
2021-04-20 23:59:59,0.02875794292367,0.04491087440076,0.04017057979661
2021-04-21 23:59:59,0.05559763721546,0.04591249226074,0.06092957937144
2021-04-22 23:59:59,0.0565017702032,0.0460259695406,0.05500647130337
2021-04-23 23:59:59,0.03818457028438,0.04906220945007,0.0277970935547
2021-04-24 23:59:59,0.02870755864578,0.04497670892622,0.02882582361822
2021-04-25 23:59:59,0.02867748057336,0.04110276358133,0.02889213350368
2021-04-26 23:59:59,0.02910017923315,0.04353724681885,0.03334936905605
2021-04-27 23:59:59,0.02920152785989,0.04114408749439,0.02955001986775
2021-04-28 23:59:59,0.02857302974149,0.04299484332885,0.03909453635482
2021-04-29 23:59:59,0.02903749895724,0.0377843688818,0.02719680586334
2021-04-30 23:59:59,0.02972364169784,0.03705025691668,0.02794754874563
2021-05-01 23:59:59,0.03123744024681,0.03554203195893,0.0494529560227
2021-05-02 23:59:59,0.03140676332359,0.03427207546569,0.03680304150435
2021-05-03 23:59:59,0.04690621596698,0.03464081114129,0.04573103818809
2021-05-04 23:59:59,0.04488940497715,0.03220713483172,0.07041433499987
2021-05-05 23:59:59,0.04716613536627,0.03589888803602,0.06587426098508
2021-05-06 23:59:59,0.05405706386493,0.03134673149382,0.05343422618642
2021-05-07 23:59:59,0.05223051290643,0.02830241372752,0.0649593345372
2021-05-08 23:59:59,0.05476928718213,0.02918939673033,0.06405095231039
2021-05-09 23:59:59,0.05227978251431,0.02735136090755,0.05079174239523
2021-05-10 23:59:59,0.05278591164481,0.02729015307196,0.0516071854964
2021-05-11 23:59:59,0.04944866358357,0.02712934789264,0.08002873158391
2021-05-12 23:59:59,0.06891995823549,0.02722104205325,0.06123902356441
2021-05-13 23:59:59,0.06190919143302,0.03599133456795,0.06205880076242
2021-05-14 23:59:59,0.07045081877868,0.04967186816261,0.09337287987713
2021-05-15 23:59:59,0.05189948241005,0.04675296040823,0.09791706665837
2021-05-16 23:59:59,0.06023493825281,0.03578832811175,0.0560900021252
2021-05-17 23:59:59,0.05321981405754,0.03441268555668,0.04384209826069
2021-05-18 23:59:59,0.05195634111527,0.03296516945803,0.04210768873076
2021-05-19 23:59:59,0.02675758646863,0.02568180515853,0.02470600336045
2021-05-20 23:59:59,0.02484948926692,0.02745534494633,0.02406209467641
2021-05-21 23:59:59,0.02256021844959,0.02704777122395,0.02006122021563
2021-05-22 23:59:59,0.02209208303551,0.02671955021,0.01774772761266
2021-05-23 23:59:59,0.01990082376815,0.02743041057307,0.01421766695564
2021-05-24 23:59:59,0.02072548097548,0.0265602257167,0.01805179501364
2021-05-25 23:59:59,0.02097106142813,0.02617669851324,0.01911082804788
2021-05-26 23:59:59,0.02078163623302,0.02603749567268,0.0217197876365
2021-05-27 23:59:59,0.02089190572039,0.02553723329256,0.02051115495935
2021-05-28 23:59:59,0.02026671644914,0.02562620151151,0.01836019296667
2021-05-29 23:59:59,0.01732435475402,0.02432212585315,0.01870490756735
2021-05-30 23:59:59,0.01671117908202,0.02430995478839,0.01979584141998
2021-05-31 23:59:59,0.01716876450116,0.02436882011839,0.0192323909084
2021-06-01 23:59:59,0.017337381402,0.02472080660852,0.0209159602524
2021-06-02 23:59:59,0.01750857490957,0.02463876692091,0.02178873855699
2021-06-03 23:59:59,0.01783158341645,0.0245515230386,0.02175193930742
2021-06-04 23:59:59,0.01820512190984,0.02463880416021,0.02148297018597
2021-06-05 23:59:59,0.01829647063369,0.02442375266859,0.02141415086192
2021-06-06 23:59:59,0.01820336918807,0.02440763139505,0.02163983828193
2021-06-07 23:59:59,0.01771263200143,0.02451024958322,0.02125230230579
2021-06-08 23:59:59,0.01760170616588,0.02407251487481,0.02101597961592
2021-06-09 23:59:59,0.01604399988164,0.02363113923068,0.02153012838085
2021-06-10 23:59:59,0.0161658749043,0.02376201086491,0.01319300361937
2021-06-11 23:59:59,0.01632119831505,0.02226436733313,0.01844313654572
2021-06-12 23:59:59,0.01581124387611,0.02223047802288,0.01802109770864
2021-06-13 23:59:59,0.01648036267852,0.02220801408345,0.01777334151197
2021-06-14 23:59:59,0.01676360874724,0.02210624965746,0.01652698469108
2021-06-15 23:59:59,0.01668625448073,0.0215241162561,0.0159716789955
2021-06-16 23:59:59,0.01792993878253,0.02146419597299,0.0174556681434
2021-06-17 23:59:59,0.01802266260289,0.02203311309385,0.01739252068337
2021-06-18 23:59:59,0.01745828165715,0.02187840530443,0.01662181612771
2021-06-19 23:59:59,0.0174960915841,0.02172930936839,0.01921652780022
2021-06-20 23:59:59,0.01694729938157,0.02170701014025,0.01885406777112
2021-06-21 23:59:59,0.01486771769959,0.02279567265724,0.01328567381136
2021-06-22 23:59:59,0.01460498808255,0.02196247324086,0.01230086621042
2021-06-23 23:59:59,0.01444402558778,0.02185249195603,0.01284943713309
2021-06-24 23:59:59,0.01508797838355,0.02127421830094,0.0127557811146
2021-06-25 23:59:59,0.01524799314277,0.02067107808708,0.0117182500451
2021-06-26 23:59:59,0.01464060190902,0.02072668373311,0.01180995629096
2021-06-27 23:59:59,0.0146481956676,0.02103753757757,0.01178186893771
2021-06-28 23:59:59,0.01470445621821,0.02079637032494,0.01282704213203
2021-06-29 23:59:59,0.00989932969984,0.01914002242956,0.01408688737538
2021-06-30 23:59:59,0.01098781469729,0.01879875160868,0.01418732053418
2021-07-01 23:59:59,0.01165043851543,0.01896535811395,0.01451979356279
2021-07-02 23:59:59,0.0121978906178,0.01904413965679,0.01474658660131
2021-07-03 23:59:59,0.01276565030617,0.01915220427965,0.01476458731952
2021-07-04 23:59:59,0.01319275119655,0.0190195804982,0.01527386693787
2021-07-05 23:59:59,0.01418777533575,0.01921390593636,0.01457694942427
2021-07-06 23:59:59,0.01431932624201,0.0190683297532,0.01381888091127
2021-07-07 23:59:59,0.01444610306017,0.01916425131608,0.01742586669604
2021-07-08 23:59:59,0.01377767905358,0.01898872509616,0.01712723409768
2021-07-09 23:59:59,0.01566519819326,0.01906784799461,0.01709097214695
2021-07-10 23:59:59,0.0163073662522,0.01920570889745,0.01709179398133
2021-07-11 23:59:59,0.01625153942182,0.01954175432122,0.01766517549373
2021-07-12 23:59:59,0.01605329043859,0.0220923545905,0.01813776429185
2021-07-13 23:59:59,0.01610224955544,0.02216382699496,0.01687658042602
2021-07-14 23:59:59,0.01637325875567,0.02203971533013,0.01695597484766
2021-07-15 23:59:59,0.01648007160855,0.02170861540594,0.01704444680875
2021-07-16 23:59:59,0.01673364703858,0.02201492493332,0.01688532769775
2021-07-17 23:59:59,0.01635706801541,0.02201255461684,0.01699012841862
2021-07-18 23:59:59,0.01641260174275,0.02202860705709,0.01682506609234
2021-07-19 23:59:59,0.01661180179669,0.02198402709273,0.01717846997138
2021-07-20 23:59:59,0.01623218573576,0.02178168660705,0.01739485537055
2021-07-21 23:59:59,0.01658077107725,0.02174173907491,0.01777176619247
2021-07-22 23:59:59,0.01665008435858,0.02111390284545,0.02083094776849
2021-07-23 23:59:59,0.01646136632983,0.02248358707538,0.020459389607
2021-07-24 23:59:59,0.01664660854741,0.02239363542555,0.02109810915907
2021-07-25 23:59:59,0.01676878567776,0.02232325490522,0.02138441819702
2021-07-26 23:59:59,0.01678032317224,0.02249093847196,0.02410387843344
2021-07-27 23:59:59,0.01667956546026,0.02235399168356,0.02658234909031
2021-07-28 23:59:59,0.01731325377534,0.02323788316907,0.02634057742847
2021-07-29 23:59:59,0.01710192511928,0.02348914025867,0.02589939982798
2021-07-30 23:59:59,0.01737220616198,0.02355922904665,0.0259009368207
2021-07-31 23:59:59,0.01746669364357,0.02389777775809,0.02366809986829
2021-08-01 23:59:59,0.01752538776976,0.02369681585365,0.02429983020804
2021-08-02 23:59:59,0.01774531642731,0.02367053929993,0.02151801423096
2021-08-03 23:59:59,0.01783023783884,0.02370775924297,0.02598805522061
2021-08-04 23:59:59,0.01797390016435,0.02380698508706,0.0264138260416
2021-08-05 23:59:59,0.01753058375199,0.02304536497146,0.02709810523215
2021-08-06 23:59:59,0.0174945337003,0.02193629044861,0.02719210335736
2021-08-07 23:59:59,0.01829710944101,0.02156680887016,0.02684021130787
2021-08-08 23:59:59,0.01855317043221,0.0219146755501,0.02686118330911
2021-08-09 23:59:59,0.02051592838559,0.02188140998848,0.02697403466911
2021-08-10 23:59:59,0.02058070855637,0.02187069313089,0.02490267349701
2021-08-11 23:59:59,0.02029686088232,0.02185672895675,0.02841488618428
2021-08-12 23:59:59,0.02131085801063,0.0216474404588,0.02685175751881
2021-08-13 23:59:59,0.02249530886837,0.02170793088325,0.02896328208838
2021-08-14 23:59:59,0.02251360764134,0.02189577545018,0.03577533869425
2021-08-15 23:59:59,0.02247032179988,0.02195029787193,0.02652176988083
2021-08-16 23:59:59,0.02250447410694,0.02261551345223,0.02078995371326
2021-08-17 23:59:59,0.02309418304046,0.02260066005489,0.02017263696813
2021-08-18 23:59:59,0.02381371229918,0.02260881044298,0.02094500158712
2021-08-19 23:59:59,0.02378954313984,0.02254357897111,0.0208883244438
2021-08-20 23:59:59,0.02452713241323,0.02267905665981,0.02532845059954
2021-08-21 23:59:59,0.02526230876947,0.02328050086128,0.02072321175604
2021-08-22 23:59:59,0.02562714102487,0.02314825316662,0.02350380981945
2021-08-23 23:59:59,0.02624752371235,0.02326753737532,0.06970922745557
2021-08-24 23:59:59,0.02620651413489,0.02364705221678,0.02262052592612
2021-08-25 23:59:59,0.02720995281029,0.02358179682014,0.02587819726109
2021-08-26 23:59:59,0.02735045591913,0.02377633810238,0.02588252481919
2021-08-27 23:59:59,0.02734685497043,0.02376819657335,0.02274186039515
2021-08-28 23:59:59,0.02733747877472,0.02349906073836,0.02487016712081
2021-08-29 23:59:59,0.0273642376637,0.02349931139907,0.02508736848825
2021-08-30 23:59:59,0.02813210289888,0.02361260418017,0.02868070633113
2021-08-31 23:59:59,0.02776345995662,0.02367737944584,0.02784071086754
2021-09-01 23:59:59,0.02823173821156,0.02372809756229,0.02805556009709
2021-09-02 23:59:59,0.03684282628575,0.02366719706322,0.04690520463975
2021-09-03 23:59:59,0.04018341677479,0.02402802380362,0.07039842957851
2021-09-04 23:59:59,0.03442858255252,0.02412090172146,0.05587696605379
2021-09-05 23:59:59,0.03193882943181,0.02417264460434,0.06481923318402
2021-09-06 23:59:59,0.0461684391807,0.02439084032482,0.07873439567307
2021-09-07 23:59:59,0.03992710639346,0.02476306619724,0.06025896153215
2021-09-08 23:59:59,0.02708812947077,0.02463864942791,0.02669184458881
2021-09-09 23:59:59,0.02730463726577,0.02454806103447,0.02207850949699
2021-09-10 23:59:59,0.02718138920262,0.02453605557854,0.02266755798559
2021-09-11 23:59:59,0.02707570901199,0.02418613552841,0.02224029548156
2021-09-12 23:59:59,0.02743827532628,0.02445755993713,0.02126383117631
2021-09-13 23:59:59,0.02776326668166,0.02457320556942,0.01986038708658
2021-09-14 23:59:59,0.02716347778985,0.02461855995492,0.02032099653086
2021-09-15 23:59:59,0.02947165857697,0.02453066597893,0.02042444274896
2021-09-16 23:59:59,0.02959085779029,0.02440386647077,0.02663912355142
2021-09-17 23:59:59,0.03219551161973,0.0240962258721,0.03792257582043
2021-09-18 23:59:59,0.03314882256638,0.02435566643651,0.04527255858246
2021-09-19 23:59:59,0.0330717567066,0.02436066054557,0.03669353024039
2021-09-20 23:59:59,0.03024213693815,0.02424929536118,0.02597009372431
2021-09-21 23:59:59,0.03152442537929,0.02413751466163,0.02758522238115
2021-09-22 23:59:59,0.04058723803862,0.02421962273148,0.02737265097734
2021-09-23 23:59:59,0.0401783047401,0.02440659207295,0.02802945536905
2021-09-24 23:59:59,0.03741235376121,0.02433848313553,0.0256254416689
2021-09-25 23:59:59,0.03673737857331,0.02420247237787,0.02615945988427
2021-09-26 23:59:59,0.03501845207784,0.02413685511424,0.0233461568086
2021-09-27 23:59:59,0.04515528050101,0.02418931829414,0.02487684865537
2021-09-28 23:59:59,0.03607774766883,0.02417626298383,0.02879215377726
2021-09-29 23:59:59,0.03512450886559,0.0246915749827,0.02786880357984
2021-09-30 23:59:59,0.04537052566842,0.02678405680141,0.06008132588051
2021-10-01 23:59:59,0.04774203122421,0.02673620134683,0.09574358902884
2021-10-02 23:59:59,0.04508407835211,0.02678084186187,0.0765192097883
2021-10-03 23:59:59,0.03242256240391,0.02694588034094,0.05154975061814
2021-10-04 23:59:59,0.03878466300907,0.02696314907523,0.0637962517712
2021-10-05 23:59:59,0.04363730584214,0.02616421340194,0.05814986486369
2021-10-06 23:59:59,0.05399586615822,0.02560507214701,0.06279882744752
2021-10-07 23:59:59,0.04800431166425,0.02577069292144,0.08431651442621
2021-10-08 23:59:59,0.02943644338624,0.02640241784461,0.06918394745454
2021-10-09 23:59:59,0.02875900829912,0.02634350204332,0.0621359073454
2021-10-10 23:59:59,0.02851753894715,0.02582854756446,0.06096828412223
2021-10-11 23:59:59,0.02867365583235,0.02583005117997,0.06166478068083
2021-10-12 23:59:59,0.02886579533758,0.025524457982,0.02598026267449
2021-10-13 23:59:59,0.03499328098884,0.02472655304738,0.02651284472755
2021-10-14 23:59:59,0.03107715821471,0.02482141637966,0.07840411071891
2021-10-15 23:59:59,0.04645003955229,0.02496882710331,0.02808708091839
2021-10-16 23:59:59,0.05143043845524,0.02531442045421,0.05669228314756
2021-10-17 23:59:59,0.05058140341764,0.02542960298873,0.06397217883226
2021-10-18 23:59:59,0.06906288915275,0.0253860827662,0.04932384245763
2021-10-19 23:59:59,0.06689257560957,0.02664123793134,0.0773518099958
2021-10-20 23:59:59,0.07127876868844,0.02692622596636,0.10709033851161
2021-10-21 23:59:59,0.07007247173251,0.02703184028937,0.0398649043376
2021-10-22 23:59:59,0.04596162375189,0.02689355368277,0.04349048687475
2021-10-23 23:59:59,0.04450689023895,0.0269898021228,0.04877371933601
2021-10-24 23:59:59,0.04681862530564,0.02698705308112,0.04043153754426
2021-10-25 23:59:59,0.04814482390546,0.02756278660242,0.04247526988846
2021-10-26 23:59:59,0.05281736999197,0.02928522554628,0.08469556028205
2021-10-27 23:59:59,0.04553844018368,0.02958344391463,0.13328448863587
2021-10-28 23:59:59,0.06010206519931,0.03202090242838,0.1178777679412
2021-10-29 23:59:59,0.08120559132086,0.04402038946699,0.19033640641902
2021-10-30 23:59:59,0.08661576410815,0.03282980691905,0.05171833708658
2021-10-31 23:59:59,0.08304348606264,0.03173257132073,0.03874457357493
2021-11-01 23:59:59,0.06560585463203,0.02733966891351,0.0733176432127
2021-11-02 23:59:59,0.05958713096157,0.03450119587944,0.06363694299671
2021-11-03 23:59:59,0.06624995750045,0.03362874378048,0.0484355029636
2021-11-04 23:59:59,0.040054565065,0.0323138180048,0.02786394427231
2021-11-05 23:59:59,0.04139396791672,0.02740495715477,0.08596826837647
2021-11-06 23:59:59,0.03215749023111,0.02740777126112,0.02713547483527
2021-11-07 23:59:59,0.02994380758917,0.02736632971486,0.053022271746
2021-11-08 23:59:59,0.03011173160081,0.02739820196533,0.06935456170044
2021-11-09 23:59:59,0.03519768064852,0.02737258069778,0.057595549113
2021-11-10 23:59:59,0.02981086706819,0.0274519320697,0.02841042460929
2021-11-11 23:59:59,0.03469631226154,0.02686415414726,0.03011918395791
2021-11-12 23:59:59,0.0365578080683,0.02666820819382,0.04521640086252
2021-11-13 23:59:59,0.03129811184506,0.02675031239585,0.02955945249571
2021-11-14 23:59:59,0.03292860937026,0.02656335646654,0.02984286869773
2021-11-15 23:59:59,0.03910918326372,0.0262057101385,0.03144105032926
2021-11-16 23:59:59,0.02889611224371,0.02554722276433,0.03064753102008
2021-11-17 23:59:59,0.04311751351791,0.02507893478323,0.03167662519718
2021-11-18 23:59:59,0.02877858097988,0.02476975697327,0.03382121800242
2021-11-19 23:59:59,0.02771529099291,0.02455009799559,0.03602458276008
2021-11-20 23:59:59,0.02651019640746,0.02499265321332,0.03136878694291
2021-11-21 23:59:59,0.0258011569375,0.02522908040649,0.02992179967503
2021-11-22 23:59:59,0.02671472431962,0.02509087947202,0.03450749700316
2021-11-23 23:59:59,0.02598045492279,0.02518251404566,0.03692118465206
2021-11-24 23:59:59,0.02448770757377,0.02521921647703,0.02893240166972
2021-11-25 23:59:59,0.024403292826,0.02535433811553,0.02799003085497
2021-11-26 23:59:59,0.02482082142485,0.02528604811007,0.04450397499978
2021-11-27 23:59:59,0.02467044966594,0.02527998069161,0.04209849078432
2021-11-28 23:59:59,0.02438933711611,0.02646400755794,0.02840384844986
2021-11-29 23:59:59,0.02635472061118,0.02649739765244,0.02823830325435
2021-11-30 23:59:59,0.02704984035261,0.02658278906658,0.04401419472647
2021-12-01 23:59:59,0.02724804673848,0.02670177139294,0.04297050611247
2021-12-02 23:59:59,0.02669192287695,0.02688540759095,0.07257152315999
2021-12-03 23:59:59,0.02678377302064,0.02684995519019,0.03001257343575
2021-12-04 23:59:59,0.02644609767989,0.0275606553295,0.04500652653128
2021-12-05 23:59:59,0.02644343161939,0.02774843693885,0.02796335691632
2021-12-06 23:59:59,0.02488049542243,0.02738402684029,0.02874144684016
2021-12-07 23:59:59,0.02481848720528,0.02958833970032,0.0280792133045
2021-12-08 23:59:59,0.02490984890612,0.02985336057191,0.02767343354256
2021-12-09 23:59:59,0.02422638239817,0.02941767249807,0.02584573235281
2021-12-10 23:59:59,0.02417612594844,0.0295497509923,0.02621889197509
2021-12-11 23:59:59,0.02343975007225,0.03120142391193,0.02317588300908
2021-12-12 23:59:59,0.02303611421886,0.03089915148716,0.0228784759158
2021-12-13 23:59:59,0.02252447680413,0.03172087440962,0.01958904633547
2021-12-14 23:59:59,0.02282775328355,0.02791724501858,0.02136515152987
2021-12-15 23:59:59,0.02198078477105,0.02735391597841,0.0219829216172
2021-12-16 23:59:59,0.02192840226566,0.03960846641608,0.02242076386093
2021-12-17 23:59:59,0.02229355751039,0.03276470459187,0.02240311761482
2021-12-18 23:59:59,0.02298370462638,0.02738849206757,0.02211042332
2021-12-19 23:59:59,0.0237848515063,0.02740836768559,0.02235525639674
2021-12-20 23:59:59,0.02393326711062,0.02653404398928,0.02185909747344
2021-12-21 23:59:59,0.02470557326419,0.02619935853991,0.02468745663397
2021-12-22 23:59:59,0.02618392823929,0.02606056129541,0.02779164727481
2021-12-23 23:59:59,0.02635735850241,0.02684506988826,0.02862406160813
2021-12-24 23:59:59,0.02631697177643,0.02685651321575,0.02744690615476
2021-12-25 23:59:59,0.02596158308525,0.0268551393015,0.02617940827769
2021-12-26 23:59:59,0.02590812202267,0.02705407533152,0.01952743348006
2021-12-27 23:59:59,0.0271495572891,0.02637915144346,0.02120708870862
2021-12-28 23:59:59,0.02731563170153,0.02659681062898,0.02009951433182
2021-12-29 23:59:59,0.02717010875158,0.02649906882695,0.02621536782942
2021-12-30 23:59:59,0.02736949888747,0.02631218387779,0.04177091883294
2021-12-31 23:59:59,0.02736653112687,0.02622207349829,0.02889286039949
2022-01-01 23:59:59,0.02700361493608,0.02594108560804,0.02844796192776
2022-01-02 23:59:59,0.02700405416831,0.02583463600117,0.0286963445098
2022-01-03 23:59:59,0.02720592822802,0.02598144370133,0.02888164068235
2022-01-04 23:59:59,0.02825905471857,0.02567892235754,0.028161718672
2022-01-05 23:59:59,0.02871708476905,0.02595031629103,0.02733744736383
2022-01-06 23:59:59,0.02798379365825,0.02573528306822,0.02758886230216
2022-01-07 23:59:59,0.02589563689191,0.02534214326154,0.02881832299203
2022-01-08 23:59:59,0.02528480010671,0.02521252416889,0.02687885727382
2022-01-09 23:59:59,0.02532161422742,0.02513682439191,0.02648503083399
2022-01-10 23:59:59,0.0256294980108,0.02468410271088,0.02613119373355
2022-01-11 23:59:59,0.02551254176601,0.02456804953429,0.02643874004487
2022-01-12 23:59:59,0.02600758022521,0.02480876022887,0.02518628802428
2022-01-13 23:59:59,0.02652374995766,0.02479772647345,0.02689647072656
2022-01-14 23:59:59,0.02674245613864,0.02481307665667,0.02783773183591
2022-01-15 23:59:59,0.02665885961318,0.02494734580885,0.02316101154877
2022-01-16 23:59:59,0.0263970849232,0.02498856076083,0.02297901922619
2022-01-17 23:59:59,0.02617797079647,0.02486578885084,0.02273889826428
2022-01-18 23:59:59,0.0259577606285,0.02487119298073,0.02204284389931
2022-01-19 23:59:59,0.02578809942859,0.02492504131751,0.01992557858521
2022-01-20 23:59:59,0.02605102567998,0.02452124063264,0.01993238521624
2022-01-21 23:59:59,0.02273862449331,0.02614857414692,0.01427270459067
2022-01-22 23:59:59,0.01922483988852,0.02727117177715,0.01243790598486
2022-01-23 23:59:59,0.01888285264183,0.0267827539614,0.01255540940076
2022-01-24 23:59:59,0.01793997317592,0.02615218003433,0.01131676787946
2022-01-25 23:59:59,0.01865807853477,0.02229129664752,0.01177059378172
2022-01-26 23:59:59,0.01887134473296,0.02193816962016,0.01211368420246
2022-01-27 23:59:59,0.01857109202524,0.02232009848187,0.01465168932602
2022-01-28 23:59:59,0.01952983711536,0.0222741575971,0.01403957428388
2022-01-29 23:59:59,0.01960299161976,0.0223004569483,0.01475440477128
2022-01-30 23:59:59,0.01939250886319,0.02220488157605,0.01525716567275
2022-01-31 23:59:59,0.01935538439149,0.02216402531831,0.01516282338971
2022-02-01 23:59:59,0.01991084435168,0.02275104323024,0.01645947269779
2022-02-02 23:59:59,0.02019913348216,0.02233066468991,0.01496450748385
2022-02-03 23:59:59,0.01732931918061,0.02148210137262,0.01638352472372
2022-02-04 23:59:59,0.01685605199988,0.02067834857476,0.01689655813819
2022-02-05 23:59:59,0.01651319348807,0.02062466704325,0.01725976080297
2022-02-06 23:59:59,0.01685057236848,0.02059764375825,0.01782297935375
2022-02-07 23:59:59,0.01505617384619,0.01984827766053,0.01415604782113
2022-02-08 23:59:59,0.01441171482683,0.01974572806227,0.01614258141534
2022-02-09 23:59:59,0.01488574254536,0.01998299753454,0.0162738195928
2022-02-10 23:59:59,0.01634436709536,0.02163741851943,0.01746544367777
2022-02-11 23:59:59,0.01529537494021,0.02179081296385,0.01778087503998
2022-02-12 23:59:59,0.01485457335327,0.02166112676593,0.01648927335256
2022-02-13 23:59:59,0.01473652567322,0.02165263029077,0.0164382418815
2022-02-14 23:59:59,0.0147424881906,0.02132185592604,0.01691261449257
2022-02-15 23:59:59,0.01448457645833,0.02115461981824,0.02023824085851
2022-02-16 23:59:59,0.01414172719125,0.02113402931706,0.02043058439716
2022-02-17 23:59:59,0.014014902522,0.02083394591302,0.02061159357345
2022-02-18 23:59:59,0.01397657563767,0.02095685508928,0.02068840883225
2022-02-19 23:59:59,0.01402741934544,0.02090709437703,0.02001368622673
2022-02-20 23:59:59,0.01308142245821,0.02081193945288,0.01910294159119
2022-02-21 23:59:59,0.01256151643589,0.02070433206734,0.01832920318201
2022-02-22 23:59:59,0.01244131731619,0.02109169139006,0.01787626949037
2022-02-23 23:59:59,0.01262816687337,0.02103907735182,0.01787997419499
2022-02-24 23:59:59,0.01210685665481,0.02035277439501,0.01554675003128
2022-02-25 23:59:59,0.01319620520541,0.0209518950586,0.01575929432861
2022-02-26 23:59:59,0.01341539320185,0.02089226350943,0.01596360970304
2022-02-27 23:59:59,0.01346641976519,0.02093880457176,0.01583619357473
2022-02-28 23:59:59,0.0140330730702,0.02100979120742,0.01914618102258
2022-03-01 23:59:59,0.0143270083656,0.02133943912826,0.0202137311115
2022-03-02 23:59:59,0.01428774066403,0.02138780220274,0.02044265736266
2022-03-03 23:59:59,0.01456854738249,0.0214241790131,0.02623850260001
2022-03-04 23:59:59,0.01821372900785,0.02191282445108,0.02484892591956
2022-03-05 23:59:59,0.01811562327218,0.02182399252799,0.02451449949922
2022-03-06 23:59:59,0.01795098657551,0.02222635335651,0.0247306913569
2022-03-07 23:59:59,0.01746883124384,0.02234591738835,0.0263615490468
2022-03-08 23:59:59,0.0173957572404,0.02238309699547,0.02644819535641
2022-03-09 23:59:59,0.01784375950411,0.0223089481687,0.02659560389123
2022-03-10 23:59:59,0.01706924061425,0.02229656435526,0.02649894431711
2022-03-11 23:59:59,0.01719601425781,0.02226149102491,0.02627407355882
2022-03-12 23:59:59,0.01718839749081,0.02216196036945,0.02514774895688
2022-03-13 23:59:59,0.01724398413715,0.02214998222745,0.02486854551254
2022-03-14 23:59:59,0.01743633916118,0.02214677312603,0.0244456688101
2022-03-15 23:59:59,0.01764090751732,0.02216290669531,0.0255595444943
2022-03-16 23:59:59,0.01741523076502,0.02234088534034,0.02535923484589
2022-03-17 23:59:59,0.01743011105753,0.02228729068632,0.02506236490288
2022-03-18 23:59:59,0.01678624798605,0.02227819369123,0.02521054975669
2022-03-19 23:59:59,0.01523575115938,0.02330956946914,0.02813917307803
2022-03-20 23:59:59,0.01595479626485,0.02373190311313,0.02800813333255
2022-03-21 23:59:59,0.0161854342882,0.02359450820421,0.02906245114593
2022-03-22 23:59:59,0.01638292516266,0.02351881720601,0.02537751265889
2022-03-23 23:59:59,0.01664628395127,0.02366789765358,0.02554646144717
2022-03-24 23:59:59,0.01622943916775,0.02421669353917,0.02623848549823
2022-03-25 23:59:59,0.01760567324253,0.0255391773901,0.02819114812911
2022-03-26 23:59:59,0.01753657755202,0.02547918550136,0.02913410792553
2022-03-27 23:59:59,0.01811998097301,0.02547575866272,0.02976654498639
2022-03-28 23:59:59,0.01792736602564,0.02529451524665,0.04792434377443
2022-03-29 23:59:59,0.02038684000215,0.02528269339909,0.04610360344999
2022-03-30 23:59:59,0.02182293541682,0.02572539096099,0.03837932201289
2022-03-31 23:59:59,0.02231540593424,0.02543811105712,0.02976711422911
2022-04-01 23:59:59,0.02252916585692,0.02539993868454,0.02955727753032
2022-04-02 23:59:59,0.02265691150636,0.02571401447217,0.03265352311962
2022-04-03 23:59:59,0.0226857476197,0.02566184593432,0.03266512238296
2022-04-04 23:59:59,0.02198737683444,0.025874570638,0.03102219426668
2022-04-05 23:59:59,0.02232829325416,0.02580900319128,0.02898970217942
2022-04-06 23:59:59,0.02217911262063,0.0254997004414,0.02630091448453
2022-04-07 23:59:59,0.02272894399548,0.02358644653502,0.02913953541343
2022-04-08 23:59:59,0.0200885631303,0.02348059741771,0.0289075471664
2022-04-09 23:59:59,0.02007983649382,0.02362132765498,0.02697354922004
2022-04-10 23:59:59,0.02008640776827,0.02347019447,0.0270523222869
2022-04-11 23:59:59,0.01975622263389,0.02361580273236,0.02649269636295
2022-04-12 23:59:59,0.02122761083799,0.0235385615565,0.02636551355496
2022-04-13 23:59:59,0.0210474895101,0.02390550277962,0.02665743676879
2022-04-14 23:59:59,0.02097890413261,0.02346660076119,0.02362798007575
2022-04-15 23:59:59,0.02102147158683,0.02351414310019,0.02342360963235
2022-04-16 23:59:59,0.02101764275159,0.02353110400435,0.0233840013275
2022-04-17 23:59:59,0.02087237335643,0.02353269790308,0.02360746853915
2022-04-18 23:59:59,0.02116410896054,0.02403958421595,0.02304864327921
2022-04-19 23:59:59,0.02083335768979,0.02419079582707,0.02320158036039
2022-04-20 23:59:59,0.0208528377746,0.02558072607599,0.02373902848396
2022-04-21 23:59:59,0.02107493007753,0.02585621561586,0.01789658777275
2022-04-22 23:59:59,0.02078393217496,0.0258195206859,0.01510657200663
2022-04-23 23:59:59,0.02074455731765,0.02577747084679,0.0151775021301
2022-04-24 23:59:59,0.02041326179965,0.02469963114875,0.01566369252098
2022-04-25 23:59:59,0.01924819602065,0.02387903065993,0.01537292496852
2022-04-26 23:59:59,0.01925443938635,0.02447735295355,0.01600360736035
2022-04-27 23:59:59,0.01851203709714,0.02440022879678,0.01596522300322
2022-04-28 23:59:59,0.01518138902151,0.02062410008556,0.01556169359814
2022-04-29 23:59:59,0.01532036815594,0.02061048346997,0.01645002757251
2022-04-30 23:59:59,0.01495236160378,0.02055958179247,0.01658127319311
2022-05-01 23:59:59,0.01456963961911,0.02054985010991,0.01561548552105
2022-05-02 23:59:59,0.01457043146523,0.02040085087436,0.01545560102457
2022-05-03 23:59:59,0.01468045845629,0.02012707530559,0.01324986066326
2022-05-04 23:59:59,0.01440970523313,0.01626126835676,0.01312293258416
2022-05-05 23:59:59,0.01449880469058,0.01378323334786,0.01308140854839
2022-05-06 23:59:59,0.01149641062347,0.01476453089436,0.01351014064899
2022-05-07 23:59:59,0.01142829251419,0.01456026964884,0.01405094911117
2022-05-08 23:59:59,0.01038999599413,0.01567231050098,0.0131375873834
2022-05-09 23:59:59,0.00846779464896,0.01670517051136,0.01017594705731
2022-05-10 23:59:59,0.00851463885957,0.01639193423771,0.01068232228933
2022-05-11 13:52:00,0.00527001096607,,
2022-05-11 13:53:00,,0.01723508579991,0.01115636575623
