Date,USDC,DAI,USDT,TUSD
2020-02-29 23:59:59,0.03554803948093,0.08075303821056,0.02600956602101,0.04003594675478511
2020-03-01 23:59:59,0.03638079741238,0.08079765559676,0.02600956602101,0.04003594675478511
2020-03-02 23:59:59,0.04082949420035,0.08073115364553,0.02600956602101,0.04003594675478511
2020-03-03 23:59:59,0.0401221694058,0.08071904069742,0.02600956602101,0.04003594675478511
2020-03-04 23:59:59,0.04122973586202,0.08070972873328,0.02600956602101,0.04003594675478511
2020-03-05 23:59:59,0.04642418884033,0.0807053450383,0.02600956602101,0.04003594675478511
2020-03-06 23:59:59,0.02921113183395,0.08070609531352,0.02600956602101,0.04003594675478511
2020-03-07 23:59:59,0.02954220750398,0.08070868007421,0.02600956602101,0.04003594675478511
2020-03-08 23:59:59,0.03355211939333,0.08071474797456,0.02600956602101,0.04003594675478511
2020-03-09 23:59:59,0.04190818265661,0.08084623765867,0.02600956602101,0.04003594675478511
2020-03-10 23:59:59,0.02655116044988,0.08080573094226,0.02600956602101,0.04003594675478511
2020-03-11 23:59:59,0.0222120996314,0.0809473189639,0.02600956602101,0.04003594675478511
2020-03-12 23:59:59,0.01075351665644,0.20853579953703,0.02600956602101,0.04003594675478511
2020-03-13 23:59:59,0.01231414545836,0.10035465712943,0.02600956602101,0.04003594675478511
2020-03-14 23:59:59,0.01049093020086,0.10343201158618,0.02600956602101,0.04003594675478511
2020-03-15 23:59:59,0.00855201289789,0.04080179106126,0.02600956602101,0.04003594675478511
2020-03-16 23:59:59,0.00435699450065,0.11708299449961,0.02600956602101,0.04003594675478511
2020-03-17 23:59:59,0.00327773115257,0.07511736149967,0.02600956602101,0.04003594675478511
2020-03-18 23:59:59,0.00336380528935,0.04645465837626,0.02600956602101,0.04003594675478511
2020-03-19 23:59:59,0.00399528065253,0.04234450955945,0.02600956602101,0.04003594675478511
2020-03-20 23:59:59,0.00414703218483,0.03844832166131,0.02600956602101,0.04003594675478511
2020-03-21 23:59:59,0.00426870814554,0.03393183702312,0.02600956602101,0.04003594675478511
2020-03-22 23:59:59,0.0040050755902,0.03376879595001,0.02600956602101,0.04003594675478511
2020-03-23 23:59:59,0.00461493803425,0.03017399880938,0.02600956602101,0.04003594675478511
2020-03-24 23:59:59,0.00446766821866,0.03061832928078,0.02600956602101,0.04003594675478511
2020-03-25 23:59:59,0.00464207940189,0.03016447693811,0.02600956602101,0.04003594675478511
2020-03-26 23:59:59,0.00439330528628,0.02319485096232,0.02600956602101,0.04003594675478511
2020-03-27 23:59:59,0.00457109699614,0.02352028109639,0.02600956602101,0.04003594675478511
2020-03-28 23:59:59,0.00438079385059,0.02362710795816,0.02600956602101,0.04003594675478511
2020-03-29 23:59:59,0.00434694265396,0.02368107505195,0.02600956602101,0.04003594675478511
2020-03-30 23:59:59,0.00435168384579,0.02373748050629,0.02600956602101,0.04003594675478511
2020-03-31 23:59:59,0.00460625060339,0.02291048039396,0.02600956602101,0.04003594675478511
2020-04-01 23:59:59,0.00444159587365,0.02233854452258,0.02600956602101,0.04003594675478511
2020-04-02 23:59:59,0.00445417315054,0.0222700869508,0.02600956602101,0.04003594675478511
2020-04-03 23:59:59,0.00464437141068,0.02144457020947,0.02600956602101,0.04003594675478511
2020-04-04 23:59:59,0.00472741039535,0.02076892812424,0.02600956602101,0.04003594675478511
2020-04-05 23:59:59,0.0047236291196,0.02038923157307,0.02600956602101,0.04003594675478511
2020-04-06 23:59:59,0.00535259906666,0.00171523856642,0.02600956602101,0.04003594675478511
2020-04-07 23:59:59,0.00410339671244,0.00323285077109,0.02600956602101,0.04003594675478511
2020-04-08 23:59:59,0.00408504414427,0.00361226514097,0.02600956602101,0.04003594675478511
2020-04-09 23:59:59,0.00407453755142,0.00375816835225,0.02600956602101,0.04003594675478511
2020-04-10 23:59:59,0.00412396379858,0.00403470518668,0.02600956602101,0.04003594675478511
2020-04-11 23:59:59,0.00399998191185,0.00421969131256,0.02600956602101,0.04003594675478511
2020-04-12 23:59:59,0.00409281226725,0.00419762456081,0.02600956602101,0.04003594675478511
2020-04-13 23:59:59,0.00391220943188,0.00422228742783,0.02600956602101,0.04003594675478511
2020-04-14 23:59:59,0.00389103725789,0.00437929547104,0.02600956602101,0.04003594675478511
2020-04-15 23:59:59,0.00414657742339,0.00450328270119,0.02600956602101,0.04003594675478511
2020-04-16 23:59:59,0.00402273535797,0.0044681494124,0.02600956602101,0.04003594675478511
2020-04-17 23:59:59,0.00404308002188,0.0046590240572,0.02600956602101,0.04003594675478511
2020-04-18 23:59:59,0.00431538596264,0.03378799096658,0.02600956602101,0.04003594675478511
2020-04-19 23:59:59,0.00426430586816,0.0265237478493,0.02600956602101,0.04003594675478511
2020-04-20 23:59:59,0.00443521697882,0.12642120094003,0.02600956602101,0.04003594675478511
2020-04-21 23:59:59,0.00450909741648,0.05504350297162,0.02600956602101,0.04003594675478511
2020-04-22 23:59:59,0.00490898390118,0.03221460325472,0.02600956602101,0.04003594675478511
2020-04-23 23:59:59,0.00519544676497,0.02548526931557,0.02600956602101,0.04003594675478511
2020-04-24 23:59:59,0.00522895745258,0.01823243615798,0.02600956602101,0.04003594675478511
2020-04-25 23:59:59,0.00542694249381,0.02430263931455,0.02600956602101,0.04003594675478511
2020-04-26 23:59:59,0.00533154191131,0.01470110376857,0.02600956602101,0.04003594675478511
2020-04-27 23:59:59,0.00517835275622,0.02152273908667,0.02600956602101,0.04003594675478511
2020-04-28 23:59:59,0.00519235528212,0.02037050460075,0.02600956602101,0.04003594675478511
2020-04-29 23:59:59,0.0058314764325,0.0106359650099,0.02600956602101,0.04003594675478511
2020-04-30 23:59:59,0.00589723722154,0.01482752914919,0.02600956602101,0.04003594675478511
2020-05-01 23:59:59,0.00574769897204,0.03973412390451,0.02600956602101,0.04003594675478511
2020-05-02 23:59:59,0.00923715512085,0.00801212702996,0.02600956602101,0.04003594675478511
2020-05-03 23:59:59,0.00965809855314,0.00787617885392,0.02600956602101,0.04003594675478511
2020-05-04 23:59:59,0.01042977726315,0.00757882119808,0.02600956602101,0.04003594675478511
2020-05-05 23:59:59,0.01188608424705,0.00690650892697,0.01480512794915,0.04003594675478511
2020-05-06 23:59:59,0.01129149532239,0.00767583100043,0.03045733833691,0.04003594675478511
2020-05-07 23:59:59,0.01249993464544,0.0077683825946,0.01894989285025,0.04003594675478511
2020-05-08 23:59:59,0.01157900925213,0.0078995478522,0.00623515463254,0.04003594675478511
2020-05-09 23:59:59,0.01145817226355,0.00789092558547,0.0143137455152,0.04003594675478511
2020-05-10 23:59:59,0.00863869101979,0.00797606433594,0.0172559864526,0.04003594675478511
2020-05-11 23:59:59,0.0087991775202,0.0073349023089,0.02841701954199,0.04003594675478511
2020-05-12 23:59:59,0.0087878481722,0.00814322671532,0.0164612363051,0.04003594675478511
2020-05-13 23:59:59,0.007431154942,0.00829598086538,0.01567398318913,0.04003594675478511
2020-05-14 23:59:59,0.00883432066846,0.00827275970801,0.0390483344399,0.04003594675478511
2020-05-15 23:59:59,0.00885381864238,0.00852326184423,0.02310967872411,0.04003594675478511
2020-05-16 23:59:59,0.00789967609816,0.00849809023995,0.02161032270393,0.04003594675478511
2020-05-17 23:59:59,0.00797769271359,0.00906368381288,0.01675380651083,0.04003594675478511
2020-05-18 23:59:59,0.00945088790697,0.01011002484068,0.00648506742632,0.04003594675478511
2020-05-19 23:59:59,0.01017808091837,0.0087999665037,0.00715345063152,0.04003594675478511
2020-05-20 23:59:59,0.01039453502397,0.0087393410197,0.00753127183728,0.04003594675478511
2020-05-21 23:59:59,0.00889496187559,0.00832012702181,0.01216708330117,0.04003594675478511
2020-05-22 23:59:59,0.01197978057469,0.00524789960312,0.02024610177423,0.04003594675478511
2020-05-23 23:59:59,0.01123498008242,0.00694160118476,0.02663452097576,0.04003594675478511
2020-05-24 23:59:59,0.01614114961991,0.00730014272215,0.03382562893096,0.04003594675478511
2020-05-25 23:59:59,0.01667552591973,0.00731428690497,0.0302329087061,0.04003594675478511
2020-05-26 23:59:59,0.01362091678501,0.00649708012129,0.02989417827308,0.04003594675478511
2020-05-27 23:59:59,0.01487853564369,0.00690567676896,0.027011692466,0.04003594675478511
2020-05-28 23:59:59,0.01900705382711,0.0069566500109,0.03241157339336,0.04003594675478511
2020-05-29 23:59:59,0.02076408680511,0.00721857963356,0.01740677393539,0.04003594675478511
2020-05-30 23:59:59,0.02050110647596,0.00754758266049,0.02052314631728,0.04003594675478511
2020-05-31 23:59:59,0.01848612285192,0.0095430183567,0.02059120125301,0.04003594675478511
2020-06-01 23:59:59,0.01852138501895,0.00895225852059,0.02058102899637,0.04003594675478511
2020-06-02 23:59:59,0.01846126265341,0.01182355144131,0.02110012575183,0.04003594675478511
2020-06-03 23:59:59,0.01873546713307,0.00411599374117,0.03076735297056,0.04003594675478511
2020-06-04 23:59:59,0.01888286195733,0.00393867261876,0.03076710659991,0.04003594675478511
2020-06-05 23:59:59,0.01888286195733,0.00393867261876,0.03076710659991,0.04003594675478511
2020-06-06 23:59:59,0.01888286195733,0.00393867261876,0.03076710659991,0.04003594675478511
2020-06-07 23:59:59,0.01888286195733,0.00393867261876,0.03076710659991,0.04003594675478511
2020-06-08 23:59:59,0.01888286195733,0.00393867261876,0.03076710659991,0.04003594675478511
2020-06-09 23:59:59,0.01888286195733,0.00393867261876,0.03076710659991,0.04003594675478511
2020-06-10 23:59:59,0.01888286195733,0.00393867261876,0.03076710659991,0.04003594675478511
2020-06-11 23:59:59,0.01888286195733,0.00393867261876,0.03076710659991,0.04003594675478511
2020-06-12 23:59:59,0.01888286195733,0.00393867261876,0.03076710659991,0.04003594675478511
2020-06-13 23:59:59,0.040918051361068,0.032338967379090595,0.035941698430216905,0.04003594675478511
2020-06-14 23:59:59,0.038750892850259955,0.03508371681971251,0.037089554241196525,0.07884201967922928
2020-06-15 23:59:59,0.036550978484642165,0.03662071164183154,0.05166511207489987,0.060648196311157275
2020-06-16 23:59:59,0.04847427685002407,0.03750670733069919,0.06374188147743615,0.0360821012403699
2020-06-17 23:59:59,0.05949635161237003,0.0405529144275327,0.07055292097709581,0.054496965163210245
2020-06-18 23:59:59,0.060635461109728624,0.05457982407585441,0.07322715223129671,0.11267655146861118
2020-06-19 23:59:59,0.07124277621205262,0.05870515138410548,0.22626660693797088,0.4316809960387619
2020-06-20 23:59:59,0.07162415295824759,0.04740469145628969,0.0550277965173378,0.03439115859428956
2020-06-21 23:59:59,0.04882958791024711,0.03482530246606628,0.025515091566838278,0.008268187757147737
2020-06-22 23:59:59,0.03215895398462112,0.03791854498634343,0.0330579141923159,0.0061099104141473645
2020-06-23 23:59:59,0.03563793695725876,0.04138636976090892,0.030155443993178488,0.006637430020500253
2020-06-24 23:59:59,0.03291482947958846,0.04395763179367417,0.03493356717368259,0.007719288575580322
2020-06-25 23:59:59,0.030722638497346286,0.0573900469408505,0.05603396095840753,0.011430234712363195
2020-06-26 23:59:59,0.04241774471568032,0.0517315178257922,0.028814087620893193,0.012366617377420406
2020-06-27 23:59:59,0.042886599670439424,0.04381594087289411,0.021292392497285904,0.012327843639533435
2020-06-28 23:59:59,0.03942673955527844,0.038275694647625993,0.021053272182660326,0.01566043064424723
2020-06-29 23:59:59,0.038495399913305736,0.0400521716177795,0.02007155140738291,0.01718866962393752
2020-06-30 23:59:59,0.060720074110557694,0.04226936158364686,0.01875061721167372,0.017821811782800238
2020-07-01 23:59:59,0.0604527876480426,0.052828081265877125,0.0230009055275974,0.015489773313036583
2020-07-02 23:59:59,0.07086461196715829,0.4466231495587926,0.02703977977487683,0.014946410957702373
2020-07-03 23:59:59,0.06491936796096823,0.07138893258402748,0.019061798037187164,0.01815154028865457
2020-07-04 23:59:59,0.0613745813461835,0.0632709298247073,0.034313938277706596,0.015229065778490019
2020-07-05 23:59:59,0.07068803196839465,0.05774808273447409,0.03476864834108057,0.015437801317879708
2020-07-06 23:59:59,0.055668616562293924,0.06782604463927897,0.03703356839906046,0.015848454526440327
2020-07-07 23:59:59,0.05633466131887548,0.06915149114504132,0.036918914251182246,0.050834199581386345
2020-07-08 23:59:59,0.058683236850318066,0.06681353455579424,0.04422648837274144,0.07529194718023029
2020-07-09 23:59:59,0.06193630187179726,0.06122592986918536,0.043749695189112696,0.03886023363966302
2020-07-10 23:59:59,0.06205093436335601,0.06981556526258655,0.04155201004661913,0.039446836719958835
2020-07-11 23:59:59,0.05901812839686993,0.07035213044070149,0.04150353196811496,0.03441867710849343
2020-07-12 23:59:59,0.049545006324894406,0.0713921056654136,0.0374720963270701,0.0320663544791804
2020-07-13 23:59:59,0.05121209945724434,0.07170068028994615,0.040017198035886936,0.05166291344324731
2020-07-14 23:59:59,0.05356842772637271,0.07138846010430484,0.03959951653708863,0.10972901071143656
2020-07-15 23:59:59,0.05181122272043614,0.06592591059220218,0.03991581157748567,0.057503602629889954
2020-07-16 23:59:59,0.05511391939442505,0.06712673106741915,0.032114487131476334,0.035226123697373594
2020-07-17 23:59:59,0.051519369428074266,0.06972184062653121,0.02829041571359069,0.03786019950628164
2020-07-18 23:59:59,0.05661474747581147,0.10488471669598343,0.039401703832975546,0.4613579064087698
2020-07-19 23:59:59,0.00756004335803541,0.049360940093655215,0.01619721504884703,0.0029380124212319177
2020-07-20 23:59:59,0.0037174994534941125,0.0341637494138292,0.005777908031124112,0.002982864240883991
2020-07-21 23:59:59,0.0052741856579495835,0.04145057416111545,0.004629852378996719,0.002485177803438661
2020-07-22 23:59:59,0.006076121848004261,0.1989034293983749,0.003980302089669093,0.0018287197912679974
2020-07-23 23:59:59,0.009538977844749509,0.08501682004632256,0.004397263456004118,0.0009575122466385944
2020-07-24 23:59:59,0.015506678084587942,0.07824581393349328,0.0052441879203996705,0.00086209871981518
2020-07-25 23:59:59,0.009391087687105793,0.007911736144845425,0.0058913264141081684,0.0008771441410823441
2020-07-26 23:59:59,0.01203158882210905,0.051483530953148234,0.007717027902465462,0.0009202264767190876
2020-07-27 23:59:59,0.011041183848434805,0.061641659703500995,0.011083796169988431,0.0013863066005117904
2020-07-28 23:59:59,0.0117422638562894,0.12222845505699718,0.013396124108938139,0.0015285633684241837
2020-07-29 23:59:59,0.009133073190888992,0.07616201843593948,0.012945059763222414,0.0016433022437594982
2020-07-30 23:59:59,0.008745096502948944,0.07667861752028841,0.01146544532923323,0.0017925692606818929
2020-07-31 23:59:59,0.007355231567374664,0.06037881246302916,0.011412254598865072,0.001385243542969343
2020-08-01 23:59:59,0.00831021964167134,0.0552817975172358,0.013201110481443804,0.001291344165632589
2020-08-02 23:59:59,0.006010197793221134,0.045107318663211,0.016776626315825424,0.0011340525517266017
2020-08-03 23:59:59,0.009155597493860567,0.037148597463989276,0.020181960828902477,0.0013220296261261632
2020-08-04 23:59:59,0.010460037583311719,0.04301102182868783,0.021578340381491756,0.0015056983806260628
2020-08-05 23:59:59,0.010142458128457392,0.04741504934959602,0.023353712943262567,0.0015948724819465636
2020-08-06 23:59:59,0.00993421492125757,0.053795444363490194,0.02390286265453474,0.0017290288128486082
2020-08-07 23:59:59,0.010332491726145926,0.053892749346370165,0.027646749227034226,0.0020006489018606103
2020-08-08 23:59:59,0.009689432949679366,0.05506207659627474,0.026857940690981276,0.0021280058019286607
2020-08-09 23:59:59,0.011012919925740617,0.05052340354878046,0.02376202381480303,0.002042232385792306
2020-08-10 23:59:59,0.01706233018712838,0.05483420987258218,0.03713257394382222,0.0017626294097410206
2020-08-11 23:59:59,0.013285434878183608,0.03898102518433063,0.024324397116228556,0.0015029491976208827
2020-08-12 23:59:59,0.013126760800967653,0.03932447080301792,0.025728054316697828,0.0012935749494097971
2020-08-13 23:59:59,0.30824811193388335,0.06508894725047815,0.03567057968136046,0.0018595142281698281
2020-08-14 23:59:59,0.006397228995560719,0.014890588523474088,0.007730441227805808,0.003001597536067567
2020-08-15 23:59:59,0.005904294699564853,0.012703373350629902,0.008097600231580503,0.002447878383756141
2020-08-16 23:59:59,0.006146516199806999,0.012754070588489779,0.006123882085727134,0.0010272945823059491
2020-08-17 23:59:59,0.006341666905649753,0.012496740982535542,0.009755148847254853,0.002437477094933059
2020-08-18 23:59:59,0.006382979935586188,0.013329849936422625,0.009170676419925805,0.0017859287441570916
2020-08-19 23:59:59,0.007033288070556908,0.01750124472344114,0.00818639922087014,0.0010446787524414174
2020-08-20 23:59:59,0.007554219064116044,0.016401014609289707,0.008599613616797449,0.001024758140492132
2020-08-21 23:59:59,0.006843513297107949,0.018314607159199785,0.0069123090868917336,0.001661917358671828
2020-08-22 23:59:59,0.007310514480915581,0.024058481710207705,0.006835332645291197,0.0009776014884698776
2020-08-23 23:59:59,0.007950733435186553,0.025097427775779786,0.006819627532698798,0.0009866375930241056
2020-08-24 23:59:59,0.008864662004904064,0.06168526802955952,0.006023980807923955,0.0018609973025809088
2020-08-25 23:59:59,0.008047211713865174,0.029631048478386275,0.004204769774629483,0.003449170360275273
2020-08-26 23:59:59,0.010800370019224605,0.026414947832195553,0.004048991131162925,0.0022551385879180023
2020-08-27 23:59:59,0.011127661872391394,0.02688819827557483,0.0037119833093086545,0.0012677175342479343
2020-08-28 23:59:59,0.013840530401212298,0.034831049110548566,0.003609406476761091,0.0008038808486816175
2020-08-29 23:59:59,0.012612805184580158,0.04793016392967279,0.0034611978735651088,0.0008265683249984287
2020-08-30 23:59:59,0.013138290762577004,0.05369308880981794,0.004002048676616141,0.0008455633254214684
2020-08-31 23:59:59,0.019678025639818953,0.06449955500575401,0.006046359912372679,0.0011803703999106604
2020-09-01 23:59:59,0.02055680232987182,0.068099880588406,0.006456500098900229,0.001358734230125731
2020-09-02 23:59:59,0.021378518943576036,0.05593332313825253,0.006246647015274546,0.0012621692672395324
2020-09-03 23:59:59,0.018406779747843733,0.0380970642303195,0.006084074241972363,0.0018649287843966536
2020-09-04 23:59:59,0.01636810647576618,0.06261465144091032,0.005259185419220948,0.0024827206755566526
2020-09-05 23:59:59,0.020876965542968414,0.13933109554286238,0.005379780179660184,0.003682646226680183
2020-09-06 23:59:59,0.019035708082981516,0.062483439278389404,0.0049977334025648685,0.0015676435354911597
2020-09-07 23:59:59,0.018310769051265927,0.06819785822340226,0.005147325377995378,0.001496865669583764
2020-09-08 23:59:59,0.022925094909783852,0.06895593190646832,0.005135082296101081,0.0017599912171366275
2020-09-09 23:59:59,0.027969049426900996,0.06810296763672144,0.005507613591445635,0.0025019088540350503
2020-09-10 23:59:59,0.015765387467928837,0.06515192007213058,0.0061456164603669,0.0022764222084728026
2020-09-11 23:59:59,0.021701136859556956,0.08275465703308633,0.0070031456060687496,0.002437306086012667
2020-09-12 23:59:59,0.02478722314510446,0.06808124169719597,0.008537241707144394,0.0026215365025872507
2020-09-13 23:59:59,0.01766155922587577,0.06180479558593782,0.010911869495715756,0.0025554194054003467
2020-09-14 23:59:59,0.027204751820052296,0.5113365171371732,0.014224507613203756,0.0029299386965923016
2020-09-15 23:59:59,0.03648848529536365,0.13723719732494125,0.014415830789972803,0.0037205604723126984
2020-09-16 23:59:59,0.0359805988315114,0.03866099170214273,0.01434610181739792,0.003769765138490485
2020-09-17 23:59:59,0.034889282486130796,0.05686926880841481,0.016391345113710175,0.0029346441559401125
2020-09-18 23:59:59,0.04063300823329104,0.0661536578615858,0.01748413494017407,0.0032528929127990137
2020-09-19 23:59:59,0.037369239615309975,0.06590470974552967,0.017605937898587855,0.0025615720629453757
2020-09-20 23:59:59,0.03658325925270118,0.049592370251069835,0.01645307538776987,0.0027668887704544575
2020-09-21 23:59:59,0.027998998427233874,0.03061374542837757,0.014164561700263497,0.0024524965689874064
2020-09-22 23:59:59,0.027746016477295573,0.03759652780612225,0.014358420273680806,0.0024427348773785958
2020-09-23 23:59:59,0.017708696480127233,0.033217353353693566,0.008272029120427385,0.0015738748772831242
2020-09-24 23:59:59,0.018317114631765177,0.04186858690627497,0.008576632211075417,0.0014646035825194542
2020-09-25 23:59:59,0.02103735603460512,0.05063206118275097,0.009744001283561586,0.0015170620569055332
2020-09-26 23:59:59,0.016089687592913862,0.04868314465182875,0.011471229444924163,0.0016565697158416803
2020-09-27 23:59:59,0.010996602750338055,0.039807203551953795,0.014056123451750367,0.001666573213648916
2020-09-28 23:59:59,0.014297116468797486,0.04474639643028866,0.008250696842494376,0.0017376912978818418
2020-09-29 23:59:59,0.01227673855519419,0.04077585616733611,0.008031298623176569,0.0017790006323532722
2020-09-30 23:59:59,0.014709189332743625,0.03136041205812047,0.008946491444848865,0.001709744358764103
2020-10-01 23:59:59,0.016935200892530984,0.037879018923687204,0.008818774041779174,0.00228239297393742
2020-10-02 23:59:59,0.01895325231031894,0.03560110822343848,0.009120787492074204,0.002254640109930469
2020-10-03 23:59:59,0.01920337282455762,0.035865279569646254,0.009061402097023177,0.0021455541353203283
2020-10-04 23:59:59,0.01618683789814059,0.03545884980149483,0.00873817424402955,0.0020415925627283427
2020-10-05 23:59:59,0.011257966865385834,0.03069618815159437,0.011618427078094998,0.002055469154588398
2020-10-06 23:59:59,0.010376180643157876,0.02838693097147792,0.009783054749763391,0.0024681517502819026
2020-10-07 23:59:59,0.010983984091881926,0.0251776053757707,0.009651631198212045,0.003211408087037465
2020-10-08 23:59:59,0.011164877322628376,0.031209847796130057,0.00976853584092438,0.0030652868959126054
2020-10-09 23:59:59,0.01178282428810896,0.0424092741025272,0.013370836348658833,0.002686698718593345
2020-10-10 23:59:59,0.01247797477944304,0.03818408728675363,0.020213556745376383,0.002727501194108127
2020-10-11 23:59:59,0.01382190649080743,0.05065667358167944,0.0240597816047649,0.002839143335155795
2020-10-12 23:59:59,0.013174297877113588,0.0438570341231237,0.02658593609899264,0.002922478454857833
2020-10-13 23:59:59,0.014287052707070503,0.038527961991644384,0.02658922099695025,0.0034704440050640716
2020-10-14 23:59:59,0.015581591226938564,0.040758567466887476,0.03240012558733556,0.004362735274634025
2020-10-15 23:59:59,0.015206320816196642,0.03948800776668464,0.028908369578675555,0.004801286732922305
2020-10-16 23:59:59,0.01550996707962191,0.04112896748605021,0.029656966074717846,0.005020063345464349
2020-10-17 23:59:59,0.017423530700451908,0.03845453501808956,0.029761531581326453,0.004566538856645276
2020-10-18 23:59:59,0.022477793450456397,0.0392059093297887,0.02902960142844032,0.004365706544834584
2020-10-19 23:59:59,0.02839871095084584,0.038835049354627935,0.03023004630398197,0.005140547361533239
2020-10-20 23:59:59,0.07471535479752497,0.04051826843565181,0.3637597113678485,0.003684154501499996
2020-10-21 23:59:59,0.03534215642137681,0.033519252577011195,0.049757361298142046,0.007010765879947094
2020-10-22 23:59:59,0.02718246017502316,0.03461275746925071,0.051578572579976376,0.008176596387728026
2020-10-23 23:59:59,0.02978567527959104,0.017219373640723918,0.03136270321463156,0.009042215727939389
2020-10-24 23:59:59,0.03204069323878653,0.016850136673426348,0.03334792538325293,0.010492993012518522
2020-10-25 23:59:59,0.03270566744867006,0.017385472859722504,0.03487290048787605,0.010879970033624568
2020-10-26 23:59:59,0.05866339844423574,0.03415856348555104,0.046605891493357456,0.016563516646519054
2020-10-27 23:59:59,0.0895028742788548,0.05131522725876098,0.056630253362329463,0.01697397148001247
2020-10-28 23:59:59,0.06131026695282376,0.04244232805339997,0.026575219621629013,0.01874457218565407
2020-10-29 23:59:59,0.05897209843374563,0.0387032730928449,0.027859523217517425,0.01880139242629767
2020-10-30 23:59:59,0.04796416672166542,0.040016498369970274,0.0284125885164615,0.0175052235209635
2020-10-31 23:59:59,0.04353393329195038,0.037742396069542695,0.029295712403797407,0.020746907384967893
2020-11-01 23:59:59,0.040075727992765015,0.043053884120368154,0.031983113213348256,0.01865598191615666
2020-11-02 23:59:59,0.03019768597082042,0.03842825725768959,0.03248108326676474,0.02067916377046683
2020-11-03 23:59:59,0.027715364319634332,0.02587763337346526,0.031229173514017623,0.019451989898270836
2020-11-04 23:59:59,0.028504470771260178,0.033002380393612425,0.03297322911132359,0.01526351488457472
2020-11-05 23:59:59,0.03283775826432572,0.036092851184243345,0.044361424171888736,0.01272765769625522
2020-11-06 23:59:59,0.0349246302739472,0.04060976526919904,0.058432913727257216,0.012914119867661044
2020-11-07 23:59:59,0.03485092889857866,0.041496034039623014,0.09606547128973984,0.011865980283072343
2020-11-08 23:59:59,0.03903071590087633,0.038486880698897975,0.06222119930641617,0.012269615412617308
2020-11-09 23:59:59,0.032400793981199806,0.037052961381072246,0.06086627935678573,0.012045086972931723
2020-11-10 23:59:59,0.03486605957758045,0.038905746265094146,0.05700573165750335,0.01100814405617343
2020-11-11 23:59:59,0.03384664416073173,0.026849132726751306,0.05051870932800364,0.010735063399824402
2020-11-12 23:59:59,0.033693632463179815,0.02728449789651204,0.06993808631551104,0.011419306734271915
2020-11-13 23:59:59,0.033217169505777494,0.02965695205544787,0.06404369688657417,0.011955042400935574
2020-11-14 23:59:59,0.03418808228473618,0.03071161011945612,0.06544951720589218,0.012009618755978337
2020-11-15 23:59:59,0.035339991643561226,0.03964074096761648,0.06165255488363871,0.015373067293442119
2020-11-16 23:59:59,0.03730928548707072,0.034822785856033246,0.05441832139010317,0.014863815232866723
2020-11-17 23:59:59,0.03743507919057927,0.04069810822330133,0.04484596207505859,0.015621890002101868
2020-11-18 23:59:59,0.027772348304871953,0.03766171099074842,0.06746173732225887,0.020973526100813805
2020-11-19 23:59:59,0.040890589550951574,0.04792343879770394,0.04595658359451386,0.02745903469156326
2020-11-20 23:59:59,0.051358468409182755,0.056129680608307295,0.05375189286987028,0.02497550925374695
2020-11-21 23:59:59,0.05473084763825913,0.043847879990466576,0.05923708420779643,0.02960547063945653
2020-11-22 23:59:59,0.06108012741746511,0.049698405510633675,0.07242675207340964,0.016711016777955248
2020-11-23 23:59:59,0.05886904140385359,0.05519098820447707,0.07256969427597475,0.024574753308585492
2020-11-24 23:59:59,0.06255806399971357,0.04792234853173482,0.07168790807089523,0.021842784320258324
2020-11-25 23:59:59,0.06102797855260836,0.0504069279746004,0.047763646643050675,0.023169706437666582
2020-11-26 23:59:59,0.07058306697599431,0.05482771151584764,0.04599485037774583,0.02470773020616172
2020-11-27 23:59:59,0.06743589073599925,0.053305994993375225,0.04947907776176715,0.020111032927935892
2020-11-28 23:59:59,0.05993208600772849,0.04596830246601331,0.05983611264643606,0.0109185177083081
2020-11-29 23:59:59,0.05994162476118742,0.045998784279481786,0.047549354252704026,0.013080074549282457
2020-11-30 23:59:59,0.06426365397985011,0.06195363364066063,0.04435423029929527,0.012086751069724793
2020-12-01 23:59:59,0.09278341526104653,0.05856114527286489,0.04243766100461142,0.012827768356975062
2020-12-02 23:59:59,0.07153748425964086,0.03615095791022344,0.04377811035818064,0.013874837651905648
2020-12-03 23:59:59,0.08770510698725868,0.04347257940984164,0.04430953957994775,0.013899214619973652
2020-12-04 23:59:59,0.06884727387290886,0.04985994179614434,0.04742622062097064,0.014357422251610736
2020-12-05 23:59:59,0.05947790178015068,0.03913626735309571,0.03955334254067748,0.017559220322287034
2020-12-06 23:59:59,0.06066512744610574,0.040609779161088426,0.0386487604690669,0.017282169163141077
2020-12-07 23:59:59,0.05627503147505495,0.04214996630182931,0.036898439551189564,0.017906811140626307
2020-12-08 23:59:59,0.06091095172324418,0.03972886184771993,0.03922367540932188,0.019124174951927357
2020-12-09 23:59:59,0.059605433798334106,0.038888969621504295,0.03439561747064965,0.020289955830748135
2020-12-10 23:59:59,0.06328761318907553,0.04358621759780455,0.0328583807699498,0.021136177733030715
2020-12-11 23:59:59,0.057677326995949206,0.042055635863294964,0.027869265315960772,0.021973792908765742
2020-12-12 23:59:59,0.06602149541755402,0.04095068384606888,0.025451867814084633,0.025304025676513048
2020-12-13 23:59:59,0.0587780854135216,0.038305461386093524,0.027382255876605432,0.02768588266396567
2020-12-14 23:59:59,0.06155033464904339,0.03945901858048623,0.0282225491444606,0.030132919304272095
2020-12-15 23:59:59,0.058328662270746304,0.0394955588637194,0.02800989433288135,0.030452020544653166
2020-12-16 23:59:59,0.052237917525740016,0.0419129634198448,0.03135336122682748,0.036688998915214106
2020-12-17 23:59:59,0.051702649993683736,0.04398257772626857,0.03645083565907468,0.03864083747052221
2020-12-18 23:59:59,0.0648828857869154,0.05314586053228332,0.037321481144154324,0.039354781704807044
2020-12-19 23:59:59,0.0568386684791267,0.05473333245207217,0.04741683457997645,0.036938407619209176
2020-12-20 23:59:59,0.061196372056632295,0.05999333630028541,0.049980902519348565,0.03381957359909371
2020-12-21 23:59:59,0.058604992909848865,0.0541099603341241,0.0565492361965906,0.0361320805858427
2020-12-22 23:59:59,0.486545113947095,0.04868083080636716,0.036329592774567904,0.19491877918732298
2020-12-23 23:59:59,0.0558489310158213,0.031097463630920315,0.03990812992569756,0.03532142672350646
2020-12-24 23:59:59,0.07075843097338375,0.018024169888885406,0.04984343835021908,0.03860549422623619
2020-12-25 23:59:59,0.08722298006887165,0.020713077368540875,0.046537729491704656,0.03800959217447752
2020-12-26 23:59:59,0.07204518573201334,0.0264938335633294,0.051431857945555076,0.03804141943389652
2020-12-27 23:59:59,0.0883004877187967,0.029414040427884418,0.05321702778016381,0.09731339472649533
2020-12-28 23:59:59,0.20600968892849125,0.04039407934003937,0.05993578758126586,0.07962554787008985
2020-12-29 23:59:59,0.06857969426926444,0.042473417325381645,0.06306261077635855,0.04160663071368108
2020-12-30 23:59:59,0.21405549338923374,0.22220720838466226,0.06748183109398868,0.10428021186844481
2020-12-31 23:59:59,0.18378708741233116,0.17901470240221215,0.13700506756515382,0.07657415756018768
2021-01-01 23:59:59,0.06102173010519176,0.06624338556616488,0.3521076452073932,0.031460511868897034
2021-01-02 23:59:59,0.12398842299088368,0.26624305924836095,0.15567686642020284,0.03596977624200273
2021-01-03 23:59:59,0.18287021693310135,0.047493318524237715,0.30139476338815335,0.044476951605982286
2021-01-04 23:59:59,0.07617336577253381,0.05957490247770273,0.10932030832260524,0.03760630073313614
2021-01-05 23:59:59,0.06794637364848513,0.060154568482579114,0.12328842819279011,0.033642474880070466
2021-01-06 23:59:59,0.06766852336427925,0.0633861042654125,0.08839812356738286,0.033282094735450574
2021-01-07 23:59:59,0.10594606138788147,0.10140097251010027,0.06930317005792952,0.038640372960328274
2021-01-08 23:59:59,0.08180909872568375,0.0572102526670346,0.07354675036127754,0.038693152587901396
2021-01-09 23:59:59,0.0728345325552846,0.06286173359670258,0.1632619671290748,0.03723211564687857
2021-01-10 23:59:59,0.12187275657776442,0.05834146958684228,0.1287602547434545,0.49617953272460724
2021-01-11 23:59:59,0.17065879415228394,0.1282733027747913,0.19774262591204458,0.8517039609879986
2021-01-12 23:59:59,0.12753215967297393,0.05845274791486467,0.09754639638018837,0.19147903549180076
2021-01-13 23:59:59,0.07564689274250348,0.15249962886599178,0.05620079836829063,0.03225719717917996
2021-01-14 23:59:59,0.210187156565722,0.06675729378696112,0.061504590283892116,0.031995683191069796
2021-01-15 23:59:59,0.12101742432500552,0.1582836261227546,0.07455773648705477,0.29491535532150176
2021-01-16 23:59:59,0.061365324026936736,0.060602912450206804,0.07279861740894776,0.026668939383803686
2021-01-17 23:59:59,0.06767466372519693,0.06280869263573415,0.09908470933106311,0.02780862865042884
2021-01-18 23:59:59,0.06882590135748438,0.0617184373206091,0.17781863070425177,0.02818163871959318
2021-01-19 23:59:59,0.10476454111357561,0.08889020014227803,0.1583326497493866,0.02544956468206834
2021-01-20 23:59:59,0.08837546863674704,0.09223272644600168,0.10023962526886088,0.018462838631821205
2021-01-21 23:59:59,0.22881081845268939,0.06479100365417935,0.061322864591770686,0.025289377454917522
2021-01-22 23:59:59,0.06307420011798003,0.07381123562223546,0.13405179659296096,0.027231235610345773
2021-01-23 23:59:59,0.06618795244858632,0.1567581987203227,0.07050786447776408,0.023182839429599846
2021-01-24 23:59:59,0.08909059179745028,0.11700289863912686,0.07562906114266359,0.023135612112965914
2021-01-25 23:59:59,0.11275506598994232,0.12000874680534178,0.08836731009265285,0.030692875186190575
2021-01-26 23:59:59,0.07379046711374015,0.06320192804590513,0.12341044426931276,0.02084046573357894
2021-01-27 23:59:59,0.06967370144328287,0.0627675191857424,0.1196675381219689,0.02194220745976486
2021-01-28 23:59:59,0.06452040219817608,0.06409245418543946,0.1116330500540592,0.02135878786631519
2021-01-29 23:59:59,0.05369547679176375,0.06191099139806959,0.061934990050984885,0.023533111078688745
2021-01-30 23:59:59,0.06518953781025442,0.05851743656038438,0.06629838296587,0.024591792824480267
2021-01-31 23:59:59,0.06583725523955639,0.05589106652145287,0.07672180990670519,0.02450371844736475
2021-02-01 23:59:59,0.07074704080942061,0.05956569924388265,0.12351365854743666,0.023738402341436784
2021-02-02 23:59:59,0.10887390260348104,0.06896968598983806,0.1585948762407013,0.02528990811492545
2021-02-03 23:59:59,0.06907504858102012,0.06964918277683939,0.11749846670400153,0.022035252636850227
2021-02-04 23:59:59,0.06905531781596803,0.06482102319068876,0.1600994895572714,0.024115757196845694
2021-02-05 23:59:59,0.07643639649412345,0.03940216240727492,0.14421014891037265,0.026485263578589616
2021-02-06 23:59:59,0.07417985489619454,0.04775392697387778,0.05025236182482358,0.02367398729653786
2021-02-07 23:59:59,0.07249859920565081,0.05850273717423509,0.04966146811662189,0.023489608214433074
2021-02-08 23:59:59,0.32709458936181346,0.17428095298434534,0.04238589267810632,0.02571079066803544
2021-02-09 23:59:59,0.13445731943884215,0.06858450972176923,0.13287352999292068,0.026674663613728954
2021-02-10 23:59:59,0.20339305950776357,0.0788798014882865,0.14954530321157317,0.031690416533048424
2021-02-11 23:59:59,0.07551737037562875,0.06117777113865719,0.0959085616512315,0.2272375724766779
2021-02-12 23:59:59,0.07483022541509253,0.06706119594569715,0.16093995852536924,0.312733006654664
2021-02-13 23:59:59,0.07566825461453339,0.06665250700167656,0.1330064731558044,0.16505543611145373
2021-02-14 23:59:59,0.17981281318848386,0.1292301677928633,0.0722310834402217,0.14955691661061135
2021-02-15 23:59:59,0.10972843289945589,0.11904792411801889,0.10117141264178944,0.17577291784373023
2021-02-16 23:59:59,0.22024039865917694,0.0687484320919986,0.0753480394978986,0.1466291241675035
2021-02-17 23:59:59,0.2927836178897057,0.07918436805419928,0.08573455834442616,0.07675612322063395
2021-02-18 23:59:59,0.06780833367747535,0.06049258308833909,0.06947527493552076,0.03977015147661239
2021-02-19 23:59:59,0.0730985307803495,0.06371695879326594,0.08051054854720772,0.034880143682078826
2021-02-20 23:59:59,0.06704535649974173,0.06408945253880477,0.1178454728993028,0.057371937826501025
2021-02-21 23:59:59,0.07204497650189753,0.06354939694836591,0.12089027292655942,0.19477655271073305
2021-02-22 23:59:59,0.06625190979235744,0.0662734791104101,0.0725563011226363,0.03816389386947942
2021-02-23 23:59:59,0.07450618535632773,0.07127687768727274,0.10352458867022178,0.03445598901655101
2021-02-24 23:59:59,0.07123405662209767,0.06537069567463455,0.15446827209036357,0.03762195690833595
2021-02-25 23:59:59,0.09567968773173757,0.06334114486411321,0.1488641931568944,0.03632268432793376
2021-02-26 23:59:59,0.07092100062158967,0.06448825913081638,0.10556815971570198,0.11489094529550428
2021-02-27 23:59:59,0.06973005606919273,0.07704380688428238,0.10529510164924048,0.03825964910653548
2021-02-28 23:59:59,0.06142887759814103,0.08957562784166495,0.140453148206316,0.02643888607637975
2021-03-01 23:59:59,0.060061181951663996,0.08414907242993745,0.1416496779068138,0.02343037244292642
2021-03-02 23:59:59,0.05933592050195339,0.0745652540687848,0.14142370202083462,0.02394369639117844
2021-03-03 23:59:59,0.06491371237508267,0.060921860309351955,0.14263365337983802,0.015248200500716009
2021-03-04 23:59:59,0.19863634546138825,0.08277725991761507,0.07761093214882778,0.015161249675024796
2021-03-05 23:59:59,0.07378433772896291,0.07096832287137665,0.07379130039569884,0.014549748226521764
2021-03-06 23:59:59,0.06947328847376348,0.06982628150958206,0.08084054310771796,0.01568205680852008
2021-03-07 23:59:59,0.19843493288663538,0.06016891963374039,0.14280141921113956,0.016636024166644742
2021-03-08 23:59:59,0.1698077401833905,0.0628746749815475,0.15128487883344313,0.017922080144771906
2021-03-09 23:59:59,0.1698077401833905,0.0628746749815475,0.15128487883344313,0.017978050007619418
2021-03-10 23:59:59,0.07555801225203888,0.21094052471254546,0.13891183475082428,0.025909430873460395
2021-03-11 23:59:59,0.06904112835358285,0.17913249274153797,0.095032687167064,0.027130509083839807
2021-03-12 23:59:59,0.07601319122071111,0.18664875708756556,0.08377012451679418,0.02761214972270866
2021-03-13 23:59:59,0.10196332434117086,0.15218955101088102,0.07678133088459378,0.030444968758157605
2021-03-14 23:59:59,0.06997507142601699,0.14006838653597917,0.07785936744451435,0.03073605060211054
2021-03-15 23:59:59,0.07513216729744446,0.14238495665822534,0.07756751538961999,0.030563947283905202
2021-03-16 23:59:59,0.107606263459354,0.15333484459762703,0.0748447529770151,0.037858016239537336
2021-03-17 23:59:59,0.08980309684127985,0.14617925583419406,0.07656509892125916,0.03877529149165895
2021-03-18 23:59:59,0.1044596329071549,0.1397906961504111,0.12588406620090134,0.03684946319607892
2021-03-19 23:59:59,0.11644518367731314,0.13626079383523262,0.10001973937477368,0.03791587256455241
2021-03-20 23:59:59,0.09265533392196931,0.1310700429480799,0.07807254021893671,0.03739345697693548
2021-03-21 23:59:59,0.07254635483966566,0.13235739523338902,0.12367301841733626,0.039180429372386194
2021-03-22 23:59:59,0.0759673545001169,0.13382445109840313,0.14726605356126954,1.4477777935796206
2021-03-23 23:59:59,0.07653940989097752,0.1302744652623333,0.1048598521728292,0.580394859596441
2021-03-24 23:59:59,0.07475818060140901,0.12720891787847757,0.07442263079699647,0.23944445470250075
2021-03-25 23:59:59,0.0674624002847764,0.11259942761002233,0.07165430805461512,0.09855233258954559
2021-03-26 23:59:59,0.061657719526643034,0.11153818306268862,0.06762126191610389,0.058522788606475036
2021-03-27 23:59:59,0.0677038323650229,0.11671785984124343,0.07102654401200023,0.042309555473526564
2021-03-28 23:59:59,0.06632361130629207,0.06403597535229943,0.04896962453075337,0.03001871037352632
2021-03-29 23:59:59,0.10695123922428212,0.06477898325577078,0.0802712474229948,0.030158699981101395
2021-03-30 23:59:59,0.07468738679845802,0.0660218927150483,0.11630660217901277,0.030769553058874813
2021-03-31 23:59:59,0.09814833614979497,0.06171553893861216,0.11756621992753478,0.031987573740570395
2021-04-01 23:59:59,0.08130872652336626,0.06299874188472968,0.11719639914117094,0.03708232498538465
2021-04-02 23:59:59,0.08384261993388378,0.06400272521697961,0.11411149637370062,0.01602831068084934
2021-04-03 23:59:59,0.11968088927995323,0.06463884079936566,0.10100875018436144,0.019490504476047846
2021-04-04 23:59:59,0.08989234848358596,0.06922714099163065,0.10386654423555963,0.019673312781099943
2021-04-05 23:59:59,0.09835721296479066,0.06566217095127994,0.10536039453105793,0.025012788300251713
2021-04-06 23:59:59,0.09323047989378663,0.07419154418297376,0.10995615537936132,0.026001742857786808
2021-04-07 23:59:59,0.09334407563300955,0.07301830469977433,0.05802495376122805,0.02653861984880132
2021-04-08 23:59:59,0.09566806752098325,0.09337792834397302,0.06895111169844176,0.029603141952280976
2021-04-09 23:59:59,0.09308585906884873,0.1047765039814265,0.07541367391138687,0.03684497883575207
2021-04-10 23:59:59,0.10006893939045602,0.10153806102157648,0.08434828719844856,0.8856114016179844
2021-04-11 23:59:59,0.10871801605973617,0.11384769385724056,0.09047805494451341,0.4897844746593847
2021-04-12 23:59:59,0.09840172688558431,0.07020898364554043,0.07641888729825282,0.39283539536991313
2021-04-13 23:59:59,0.11955681689205515,0.08810385298298708,0.09050164571424502,0.26472240622150023
2021-04-14 23:59:59,0.11432107938556417,0.0993060180789266,0.10224970977805509,0.25756751299815345
2021-04-15 23:59:59,0.13108361088326936,0.15305350283518834,0.1143846002795016,0.2539161771788319
2021-04-16 23:59:59,0.11431072809646566,0.130218528220824,0.1120998915268437,0.32013624261426554
2021-04-17 23:59:59,0.11600761763897056,0.08354432123390128,0.11052159568550576,0.3271689262535269
2021-04-18 23:59:59,0.08002311166231588,0.08386897461761122,0.11092247954618784,0.10466614123219997
2021-04-19 23:59:59,0.1391123963380263,0.0759791326887519,0.11095485453369001,0.07388073826323635
2021-04-20 23:59:59,0.08227072680589838,0.07778930832526733,0.1095019384372058,0.09274633493910595
2021-04-21 23:59:59,0.07724823654819427,0.0958137184685894,0.1062581075137206,0.043795695815588884
2021-04-22 23:59:59,0.07822592565588546,0.0904648685907929,0.10934943953971885,0.20721979229260998
2021-04-23 23:59:59,0.06815344983101373,0.09529250009252088,0.014200697634807337,0.1652589537591335
2021-04-24 23:59:59,0.05824787552995881,0.09680587123606839,0.013596716296642978,0.14702095348924082
2021-04-25 23:59:59,0.05308129767551907,0.07363411033767377,0.013882433320258146,0.027404021687761154
2021-04-26 23:59:59,0.05643671416796182,0.07296296849830183,0.010428983086209636,0.026167186672260125
2021-04-27 23:59:59,0.06286899067555361,0.08682273995254798,0.017659023036323263,0.02561518644187155
2021-04-28 23:59:59,0.06493780866487753,0.08259615488591793,0.018319091017406166,0.02580295001387945
2021-04-29 23:59:59,0.06403663251398975,0.0704730253603551,0.017972275597520272,0.024462196896400418
2021-04-30 23:59:59,0.06750254911782534,0.07389602431958851,0.02483911017327489,0.026059416556340285
2021-05-01 23:59:59,0.06971206215815554,0.09055512833122029,0.028996713783519194,0.02915199507566908
2021-05-02 23:59:59,0.07161188024016871,0.09761329635166258,0.028233399795708464,0.029394699670823872
2021-05-03 23:59:59,0.0781931267515426,0.07258479185572587,0.023494842390628656,0.031039239991176307
2021-05-04 23:59:59,0.07450692690732211,0.06775069514291446,0.05017499190607395,0.03763876056491409
2021-05-05 23:59:59,0.07416388888300483,0.06944290113707935,0.05144756630541103,0.20106775654357908
2021-05-06 23:59:59,0.07733088633764798,0.06493665999800988,0.033132652992019396,0.09984133712436657
2021-05-07 23:59:59,0.07524295796810719,0.06574024561919596,0.03657621194363815,0.12421688032984755
2021-05-08 23:59:59,0.07532717623294909,0.0665277170746138,0.03183519683804225,0.14198587299226736
2021-05-09 23:59:59,0.07454259207348916,0.06554887396210757,0.0365460856175319,0.837699984113833
2021-05-10 23:59:59,0.07502886466853019,0.05978025840669786,0.04349567766899108,0.1730507300257316
2021-05-11 23:59:59,0.07401262339536066,0.06708829210066235,0.06284875473693474,1.4999992534635969
2021-05-12 23:59:59,0.07633657168281205,0.1050135523798798,0.06370597758251366,0.5005654107068506
2021-05-13 23:59:59,0.08107388667756686,0.11872886267222214,0.18117102213655287,0.166474425763771
2021-05-14 23:59:59,0.08207960945953388,0.09165161348922536,0.06881707003258894,0.08415492441337953
2021-05-15 23:59:59,0.07898662037563177,0.0924924901466734,0.06852477041720381,0.09155107318530932
2021-05-16 23:59:59,0.0874867555165849,0.06599966577352269,0.06739962944878695,0.039856382086960546
2021-05-17 23:59:59,0.0813916593574659,0.06403513663468735,0.05679120180568041,0.0400414949870093
2021-05-18 23:59:59,0.08341187187343295,0.06530910988877674,0.05870147522031299,0.08729134043099304
2021-05-19 23:59:59,0.08315073174036937,0.058286933220521496,0.02460616906694092,0.035178673811340676
2021-05-20 23:59:59,0.07004713947696936,0.05870810557146247,0.019990479749727164,0.029523823864717556
2021-05-21 23:59:59,0.0700016537116858,0.05768896181351275,0.010347780646096988,0.02862462665558059
2021-05-22 23:59:59,0.06881026712578353,0.05895972730614461,0.0080332496959907,0.033159428510965414
2021-05-23 23:59:59,0.17311040136810033,0.053209182752054066,0.006507711067332698,0.027883776760208694
2021-05-24 23:59:59,0.07398999081959717,0.05345640398218108,0.014325215889032274,0.027132142817597377
2021-05-25 23:59:59,0.06931448078055495,0.05391733486753048,0.013517073512202783,0.02695668729071381
2021-05-26 23:59:59,0.02039966570559042,0.038700351487067644,0.014781428118090094,0.027306826444229992
2021-05-27 23:59:59,0.023473455957358096,0.03854487553566552,0.015470155860537254,0.027550651083151502
2021-05-28 23:59:59,0.05450591497479547,0.038365218849665414,0.012802798966887744,0.02741893463168844
2021-05-29 23:59:59,0.05179506887068708,0.038163295434734686,0.011627158177141168,0.02656156054741663
2021-05-30 23:59:59,0.04504560128712725,0.03882839308701622,0.012455654753033162,0.02620912238456057
2021-05-31 23:59:59,0.029380176499713917,0.03887141699450923,0.014466272936779481,0.026027986787272517
2021-06-01 23:59:59,0.04421009859463303,0.038045853754447995,0.010933824199558,0.02605927358763306
2021-06-02 23:59:59,0.04439035945181916,0.03749676616184995,0.011390778855208504,0.026062972017922008
2021-06-03 23:59:59,0.041905291877433526,0.037785335490299235,0.01146030734029324,0.0261018103645535
2021-06-04 23:59:59,0.04183736193735807,0.03781223081557044,0.011478939623198235,0.02623667467333841
2021-06-05 23:59:59,0.04186363436378477,0.05144432828123379,0.011340060194383177,0.026068336427568246
2021-06-06 23:59:59,0.042193351072308954,0.051012002981200795,0.011268774501349034,0.02609544141076692
2021-06-07 23:59:59,0.041753248051587,0.05033006819324978,0.011238899212375097,0.02607962098608594
2021-06-08 23:59:59,0.016113758163845936,0.04929507925831719,0.010660331083599196,0.025821963389055184
2021-06-09 23:59:59,0.017915675537368718,0.05631694560451841,0.010777417481152147,0.025803827480835876
2021-06-10 23:59:59,0.01739873980793345,0.05631969283225268,0.010989970086171181,0.02586832121027697
2021-06-11 23:59:59,0.017310985342453147,0.05586997044682242,0.011489341501220314,0.02586508534485433
2021-06-12 23:59:59,0.01701840706430586,0.05517605149601239,0.01021204215149541,0.024223025992907474
2021-06-13 23:59:59,0.016990415021409258,0.05492739046271494,0.00994874182501521,0.02360798981176045
2021-06-14 23:59:59,0.017226867844307627,0.05422181552713526,0.010932044646702176,0.023720433194754215
2021-06-15 23:59:59,0.016062864708296813,0.05784387072149886,0.010801210757032224,0.02325412829846802
2021-06-16 23:59:59,0.015934858352136462,0.060352357220847475,0.01037892884738983,0.02309008335764981
2021-06-17 23:59:59,0.01962177797929385,0.05800092157322182,0.010378124414649581,0.0230927367467752
2021-06-18 23:59:59,0.018679914781759274,0.05588547545625532,0.005574766961434608,0.16148918807827187
2021-06-19 23:59:59,0.018624578393582007,0.05589429038005272,0.005668336218496517,0.15878749941169462
2021-06-20 23:59:59,0.018182736001575158,0.05544675579649547,0.005302150131339704,0.09621217545850672
2021-06-21 23:59:59,0.01688773008057889,0.05516445979311996,0.001296373325732877,0.03628681978441804
2021-06-22 23:59:59,0.015526501022641899,0.05321956501435806,0.0011776269133648644,0.029609480688850602
2021-06-23 23:59:59,0.015063832816599919,0.03878945980656596,0.0011888376524723542,0.028312323302315097
2021-06-24 23:59:59,0.015013024471901537,0.03856199638349309,0.0011898807303017055,0.028186753261157115
2021-06-25 23:59:59,0.025396168662202956,0.03843697310837408,0.0012549812977415995,0.028124914845900774
2021-06-26 23:59:59,0.023680474134980554,0.038215991928586775,0.001205598242283127,0.02796087388794514
2021-06-27 23:59:59,0.023687327114959935,0.0382388335291694,0.0012034736731615294,0.027909617910714894
2021-06-28 23:59:59,0.023563788471998887,0.03829219063277997,0.0012354084679652131,0.02761006043805585
2021-06-29 23:59:59,0.0236236898850322,0.04012928111644965,0.0012425822455325757,0.027907538548844722
2021-06-30 23:59:59,0.015727658297663552,0.027049336838602906,0.00047779489985926715,0.006128962770345781
2021-07-01 23:59:59,0.016035429914293253,0.027222771364078375,0.0006679727600335056,0.006159044562979057
2021-07-02 23:59:59,0.01604685616799662,0.027335892495388054,0.0007300653305091837,0.006257761949206237
2021-07-03 23:59:59,0.016034064281493725,0.027300343941016273,0.000736820006616179,0.006265066698615066
2021-07-04 23:59:59,0.015896866792398687,0.027306762153068046,0.000785513614403508,0.006237107190226661
2021-07-05 23:59:59,0.016035288975996372,0.027309529914857824,0.0007850354798976445,0.006263033344047153
2021-07-06 23:59:59,0.016017060273275003,0.02731304155077806,0.0007852274041500388,0.00624181921413763
2021-07-07 23:59:59,0.015973960716820838,0.027338597792453363,0.0007863608367880302,0.006252728854034317
2021-07-08 23:59:59,0.016078743449113135,0.02739469662672866,0.0008153856264724982,0.006252728854034317
2021-07-09 23:59:59,0.01604962657354806,0.027378598379845798,0.000815387786952855,0.006224877862567458
2021-07-10 23:59:59,0.016046465439023286,0.027377591675311667,0.0008155226463706416,0.006224877862567458
2021-07-11 23:59:59,0.016086549238919126,0.02739129779129507,0.0008167241388867157,0.006226955741849223
2021-07-12 23:59:59,0.016035448691759827,0.027390783263294003,0.0008266832666977033,0.006226955741849223
2021-07-13 23:59:59,0.016097044592582002,0.027407913803065665,0.0009442018895477293,0.006196894642747716
2021-07-14 23:59:59,0.016124043960880952,0.027399108505874643,0.0009121644597213538,0.006159246370636462
2021-07-15 23:59:59,0.01891756861422231,0.02906670255762834,0.0010022033071998711,0.006153216811873714
2021-07-16 23:59:59,0.018886662339243313,0.02898057887420722,0.0009956974502305829,0.006153216811873714
2021-07-17 23:59:59,0.01885247178235197,0.028995419870105264,0.0009982978454723195,0.006138493491492984
2021-07-18 23:59:59,0.01879569993852675,0.029042472045576737,0.0010008039946288515,0.00612495111528709
2021-07-19 23:59:59,0.018479243035007663,0.028947740900007613,0.0009992976021768612,0.006083380767963764
2021-07-20 23:59:59,0.018231355782224973,0.02902556888210555,0.0010326557927524392,0.005896948092642861
2021-07-21 23:59:59,0.017925350096359885,0.029019849104604475,0.0013546001165517737,0.005910263394257382
2021-07-22 23:59:59,0.017586163847603406,0.029046368907897042,0.0015593471988339849,0.005910263394257382
2021-07-23 23:59:59,0.01767627094426909,0.028967528438143274,0.0015605809972849196,0.005920928176288259
2021-07-24 23:59:59,0.017846340013951613,0.028971996435813052,0.0018138627529485465,0.007344686123442401
2021-07-25 23:59:59,0.017866508050166957,0.028982954916697768,0.0024787068873637253,0.0073419525939580925
2021-07-26 23:59:59,0.02082282326972239,0.0325176224750839,0.002435836432081407,0.0100458959123902
2021-07-27 23:59:59,0.020952565572200068,0.035558003106393364,0.002574823692521017,0.010046612219005203
2021-07-28 23:59:59,0.021590471033663152,0.03782912525512959,0.0027217980929434677,0.010545823073386335
2021-07-29 23:59:59,0.023653887956757255,0.03857697265946186,0.003133524697419532,0.010545823073386335
2021-07-30 23:59:59,0.028132724221279475,0.03935659138978592,0.004182725423292057,0.010613480089650707
2021-07-31 23:59:59,0.028206340239370586,0.04337561382771537,0.004557903375042586,0.010613480089650707
2021-08-01 23:59:59,0.02660765250128477,0.043366880215790805,0.004389901000745097,0.01062496936413221
2021-08-02 23:59:59,0.02830270502361221,0.04289851394293443,0.0043545360314832925,0.01062496936413221
2021-08-03 23:59:59,0.028272781665164188,0.04291250395185067,0.004411260537039024,0.010640519154332203
2021-08-04 23:59:59,0.028722174412561724,0.04322295616744484,0.004507835617319549,0.010690344827631459
2021-08-05 23:59:59,0.028858606439138994,0.04203871828854686,0.0044540219993455255,0.011600218334673505
2021-08-06 23:59:59,0.02888331438975614,0.042491358508477114,0.004473602681931197,0.01185497473082455
2021-08-07 23:59:59,0.02907826991688816,0.04337248288037652,0.004488024524448291,0.012214830516749426
2021-08-08 23:59:59,0.02908814709084626,0.04615826340524422,0.004497115732757072,0.012201487792791791
2021-08-09 23:59:59,0.029072258321162288,0.04619245170426528,0.00464333948765502,0.012201487792791791
2021-08-10 23:59:59,0.02912422593642223,0.04619464400282599,0.0046595216307751,0.012208381157375502
2021-08-11 23:59:59,0.029151167953844818,0.04621568216981591,0.004711159659575692,0.012682128136973912
2021-08-12 23:59:59,0.029151167953844818,0.04604775317009482,0.005163228892101653,0.012704631509675133
2021-08-13 23:59:59,0.028574931496962844,0.04606511240280292,0.005108545593791523,0.012704631509675133
2021-08-14 23:59:59,0.028578614179009688,0.046064494953912405,0.005120879833200256,0.0126952230009427
2021-08-15 23:59:59,0.028905644701251856,0.04617004804933504,0.0052555577509205255,0.0126952230009427
2021-08-16 23:59:59,0.030136150920707944,0.04617002233288275,0.005211277861537799,0.013672511461727408
2021-08-17 23:59:59,0.030154640361047744,0.04644342887175244,0.005239363468800977,0.013689000248510871
2021-08-18 23:59:59,0.0301545771156926,0.046199275861769924,0.0053636829860245335,0.013689000248510871
2021-08-19 23:59:59,0.0024607886096212122,0.00798958277123155,0.000341897374317757,0.001027173353210624
2021-08-20 23:59:59,0.0025123045317193386,0.008024477483163739,0.0003604571438773994,0.0010244694857866033
2021-08-21 23:59:59,0.002642900289410094,0.008050001150611741,0.00042838569911449,0.001023207335956003
2021-08-22 23:59:59,0.0030065650750746606,0.008050381792564754,0.000518625348887844,0.0010232126622784032
2021-08-23 23:59:59,0.0030449988916301787,0.008049874996146853,0.0005204835646360558,0.0010232126622784032
2021-08-24 23:59:59,0.0030926428076770564,0.008051045382895906,0.0006019764532665486,0.0010232126622784032
2021-08-25 23:59:59,0.003128693918999126,0.008050994596591112,0.0005607990008481524,0.0010232126622784032
2021-08-26 23:59:59,0.0031371458099917378,0.008050991794878662,0.0006311699974917805,0.0010232126622784032
2021-08-27 23:59:59,0.003136499181639575,0.008044221050692574,0.0006353536921720785,0.0010232126622784032
2021-08-28 23:59:59,0.003153116767102401,0.008044372217518768,0.0010054974863038984,0.0010254138176523536
2021-08-29 23:59:59,0.0032941610196705238,0.008056673525688637,0.0010054974863038984,0.0010261659192032488
2021-08-30 23:59:59,0.003289311266846927,0.00805789366965666,0.0010037854003077831,0.0010261659192032488
2021-08-31 23:59:59,0.0032957146773072298,0.00805842844851058,0.001009602214573173,0.0010261659192032488
2021-09-01 23:59:59,0.003328941620815731,0.008066631485005027,0.0010145766294046479,0.0010264137468124568
2021-09-02 23:59:59,0.011135390932537164,0.008066085658884848,0.0010153143765845593,0.0010264137468124568
2021-09-03 23:59:59,0.03269106759438837,0.00806590555563667,0.026078027279731592,0.0010264137468124568
2021-09-04 23:59:59,0.033145346881387705,0.008065758547989115,0.026239378618950874,0.0010264137468124568
2021-09-05 23:59:59,0.03335346934090347,0.008047636860330054,0.027135584196957965,0.001032863431441828
2021-09-06 23:59:59,0.03408988198237352,0.008047636860330054,0.027118523002444012,0.0010332607357396656
2021-09-07 23:59:59,0.034883363300145215,0.008045602000359786,0.02794852097359887,0.00100619464113866
2021-09-08 23:59:59,0.03458898735855805,0.008089549398823689,0.028077416285126576,0.00100619464113866
2021-09-09 23:59:59,0.03451735602525325,0.008090539161737508,0.027996236507398665,0.0010064425380150027
2021-09-10 23:59:59,0.036707959239434255,0.008091342638634712,0.027954639445485395,0.0010064424430004744
2021-09-11 23:59:59,0.039115457347748954,0.00809352982584624,0.02762778950541252,0.0010064424430004744
2021-09-12 23:59:59,0.03910561442405392,0.008094121971269045,0.027646068416767824,0.001009494314519479
2021-09-13 23:59:59,0.04149796156528757,0.00809413379007728,0.027646068416767824,0.0011348579407379402
2021-09-14 23:59:59,0.04205865151835278,0.008094290376824463,0.02760750461181905,0.0011348579407379402
2021-09-15 23:59:59,0.05037419001782401,0.008098550429560028,0.027621553724443308,0.0011339658391589299
2021-09-16 23:59:59,0.028382851421701123,0.00809852027836065,0.027621428193305774,0.0010838678864734802
2021-09-17 23:59:59,0.02834264172049118,0.00810130165432215,0.028147500137626024,0.0010836609129992849
2021-09-18 23:59:59,0.028349648487939392,0.008101041807758502,0.028136958662422714,0.0010830323602872534
2021-09-19 23:59:59,0.02839774644551818,0.00810102551096551,0.028135996533819176,0.001082015472881736
2021-09-20 23:59:59,0.0263646542360866,0.00810089263447532,0.02815744178676713,0.0009924777164172127
2021-09-21 23:59:59,0.02311208451575521,0.008080800990751643,0.02221258568277497,0.0009892647596389842
2021-09-22 23:59:59,0.023258159140389388,0.008088461700977597,0.02221899640321384,0.0010721817688427982
2021-09-23 23:59:59,0.023420491767290746,0.00808832504022952,0.022162749072187873,0.0011569304105290019
2021-09-24 23:59:59,0.023351251116856826,0.008091965183040829,0.02212812414469175,0.0011569304105290019
2021-09-25 23:59:59,0.023435512926926198,0.008092442388674568,0.02212812414469175,0.0011567408821659716
2021-09-26 23:59:59,0.02354185223085421,0.00809321855783098,0.02212812414469175,0.001156727875312368
2021-09-27 23:59:59,0.023552487686614422,0.008096618743284652,0.02211174267000765,0.001156727875312368
2021-09-28 23:59:59,0.023550372372686104,0.008097584804779678,0.02211067919517031,0.001156727875312368
2021-09-29 23:59:59,0.024456214658461813,0.008160376437310721,0.022110455327997287,0.001156727875312368
2021-09-30 23:59:59,0.024457431999550115,0.008160806346453078,0.022110686997673226,0.001156727875312368
2021-10-01 23:59:59,0.024661134507934453,0.008706895929733257,0.022188006915135818,0.001156727875312368
2021-10-02 23:59:59,0.02497121951002249,0.008718277243708888,0.022187744957013547,0.001156727875312368
2021-10-03 23:59:59,0.025533158874163034,0.008718296594348432,0.022187672561227598,0.001156727875312368
2021-10-04 23:59:59,0.026508675315348916,0.00923282423874158,0.022187672561227598,0.001156727875312368
2021-10-05 23:59:59,0.026511004281797056,0.009312761319056841,0.022188051116171007,0.001156727875312368
2021-10-06 23:59:59,0.02662044608996508,0.010091454310731145,0.022185281889489407,0.001157308308195744
2021-10-07 23:59:59,0.02665341643954014,0.01077771640616467,0.022239182322056843,0.001157308308195744
2021-10-08 23:59:59,0.02665338928262279,0.01077765105142023,0.022257498792612875,0.001163055071992661
2021-10-09 23:59:59,0.026627450303459945,0.010777643085545182,0.022234440801095125,0.00122099200849244
2021-10-10 23:59:59,0.026789288816396042,0.010754718686942145,0.022280891352283665,0.00122099200849244
2021-10-11 23:59:59,0.026812405899641324,0.010747230561069522,0.022353639689674368,0.00122099200849244
2021-10-12 23:59:59,0.026834561259870875,0.010747457886993404,0.022379849878840074,0.00122099200849244
2021-10-13 23:59:59,0.027460710706818357,0.010747557656865768,0.02237643161472441,0.00122099200849244
2021-10-14 23:59:59,0.028166149847711496,0.010747690958176875,0.022376427823564828,0.00122099200849244
2021-10-15 23:59:59,0.028339645989397637,0.010747691130305666,0.022480728336097308,0.0012216465578691943
2021-10-16 23:59:59,0.028341965453916824,0.010778751475798138,0.023684519119037607,0.0012661300155988734
2021-10-17 23:59:59,0.028422956965895807,0.01076755368024565,0.023684475406697287,0.0012673872255976714
2021-10-18 23:59:59,0.02853194011993679,0.01088156189456919,0.023684491669244124,0.0013065460094734416
2021-10-19 23:59:59,0.02856596747245301,0.010979811797462604,0.023694788504185046,0.0013089151053100954
2021-10-20 23:59:59,0.02873098467783159,0.011001989978709414,0.02513862408941141,0.0013108472309942
2021-10-21 23:59:59,0.02861220848857175,0.011028082561456898,0.025087761886279345,0.0013108472309942
2021-10-22 23:59:59,0.028662319500162882,0.011054667152363576,0.028871440682824243,0.001487105121644311
2021-10-23 23:59:59,0.02867088055815521,0.011055822546713136,0.028859599333181482,0.001489309447556575
2021-10-24 23:59:59,0.028680003961105323,0.011055422233111957,0.028856893359635122,0.001489309447556575
2021-10-25 23:59:59,0.04533079387455212,0.01099544097656925,0.1375455909472477,0.001489309447556575
2021-10-26 23:59:59,0.0452773498560763,0.011031046169153767,0.06965633931839965,0.0023622832823904255
2021-10-27 23:59:59,0.055493789288644076,0.011034104304476358,0.2678515590168504,0.002360622662989159
2021-10-28 23:59:59,0.6231783909458223,0.011034069755437968,0.25839288676011724,0.003500391982731772
2021-10-29 23:59:59,0.37000659962215926,0.011034071402081812,0.2569874032754871,0.003413848072151945
2021-10-30 23:59:59,0.010248625803544912,0.01103407864924532,0.0022742484436745927,0.0034165506023299463
2021-10-31 23:59:59,0.01055346632078916,0.01103405510072776,0.002266974109833505,0.0034165506023299463
2021-11-01 23:59:59,0.010716720178455251,0.011037495291603899,0.0023373030914206295,0.003579322363591769
2021-11-02 23:59:59,0.02179403308599212,0.012528169577778647,0.002337702850515084,0.003578400048855688
2021-11-03 23:59:59,0.021881271879826494,0.012527151982057396,0.002841602765739153,0.003578400048855688
2021-11-04 23:59:59,0.028112067016749023,0.015970029446275406,0.003213958204782057,0.003561924524790959
2021-11-05 23:59:59,0.028485172189684604,0.017559997730079747,0.005141078145922313,0.003561924524790959
2021-11-06 23:59:59,0.028545606269945133,0.017627139398865208,0.00536576814454941,0.003561924524790959
2021-11-07 23:59:59,0.028602131885747388,0.0176364019758176,0.005423328664234992,0.003562748976847946
2021-11-08 23:59:59,0.02851403742592224,0.022559458771329945,0.005445399442850632,0.003582978442692306
2021-11-09 23:59:59,0.02851403742592224,0.022569477486789308,0.007818881135490648,0.0035912798845553727
2021-11-10 23:59:59,0.028365671937202745,0.02257311372091721,0.007795845441044308,0.004370973943139583
2021-11-11 23:59:59,0.03134906284752173,0.0223240150428358,0.007795845441044308,0.004381258452920119
2021-11-12 23:59:59,0.03136861086838572,0.02228606409656721,0.007829941647408793,0.004381735900351306
2021-11-13 23:59:59,0.03137525697131792,0.02226344131271987,0.007850193036284743,0.0052950006737795905
2021-11-14 23:59:59,0.032183031297904036,0.02226347197654252,0.008135748820619784,0.005333221274335943
2021-11-15 23:59:59,0.03218372849379851,0.0222668048490016,0.008175663387528436,0.005381067799225757
2021-11-16 23:59:59,0.03219424310655934,0.02226823772507984,0.008177290644325505,0.00546658855147859
2021-11-17 23:59:59,0.03195370372891608,0.021812626702500545,0.008124124067477236,0.00546658855147859
2021-11-18 23:59:59,0.03189270806121931,0.021817215897922192,0.008240488433090524,0.0055018656689191855
2021-11-19 23:59:59,0.031480801975161926,0.022053362747030715,0.008333655771544853,0.005813501112439254
2021-11-20 23:59:59,0.031979938777849944,0.022054981066655998,0.008333655771544853,0.005813685891006044
2021-11-21 23:59:59,0.037479753100712505,0.022066898194204147,0.00972288196904935,0.0058132277295707266
2021-11-22 23:59:59,0.037479753100712505,0.022115530879483185,0.009808606416720038,0.006443375677928167
2021-11-23 23:59:59,0.03747941187151079,0.02212710360804419,0.009809380809481575,0.0064555554622377186
2021-11-24 23:59:59,0.03657762488417866,0.02204428167532499,0.00982215817793125,0.006528266317097485
2021-11-25 23:59:59,0.03657717603604389,0.022043939411761398,0.009924162569788876,0.006528266317097485
2021-11-26 23:59:59,0.03656218084954495,0.02204594699544478,0.009960454575802209,0.006525833388924414
2021-11-27 23:59:59,0.3726242992138196,0.2830335073008263,0.5905383847248338,1.432666738557158
2021-11-28 23:59:59,0.07102088504797412,0.2773748629466646,0.27913877443395685,0.47256226175059174
2021-11-29 23:59:59,0.1119825245076574,0.271978353219943,0.037428721470670265,0.20144762802328028
2021-11-30 23:59:59,0.07178862840482914,0.25352395256813154,0.037412135967797105,0.035615028310930504
2021-12-01 23:59:59,0.09342899568139856,0.24772545405067614,0.6482554245645608,1.0603028423159075
2021-12-02 23:59:59,0.09186192743735566,0.2277463206763379,0.18452204075115164,0.881669658185763
2021-12-03 23:59:59,0.07228542467545686,0.24395147633536915,0.14460581476837533,0.5167394073973461
2021-12-04 23:59:59,0.061347170572307284,0.14835477801384267,0.0687112771323248,0.21381229742426827
2021-12-05 23:59:59,0.06200856282275652,0.1493906946687304,0.08075102463325105,0.20558140431903543
2021-12-06 23:59:59,0.06028450216705273,0.1491152957483277,0.07128935271854012,0.20558140431903543
2021-12-07 23:59:59,0.06010330628090148,0.14823130089933348,0.07124991664931875,0.19894389703774912
2021-12-08 23:59:59,0.05667813519851513,0.05487970633701708,0.22009755405245932,0.19291299736204748
2021-12-09 23:59:59,0.054854844741598754,0.05484897631086908,0.17969180039176058,0.19291299736204748
2021-12-10 23:59:59,0.04211832801444301,0.05487619778597935,0.1909977329377373,0.19451719752267652
2021-12-11 23:59:59,0.04207436367724947,0.05463163103420692,0.1560191050207973,0.19362484994319298
2021-12-12 23:59:59,0.04314135908703422,0.054644212512656165,0.12837112840307133,0.19268868228561797
2021-12-13 23:59:59,0.044159842986577956,0.054546825733435264,0.07267693388471576,0.18909825168541214
2021-12-14 23:59:59,0.04417276841556465,0.05453626097317051,0.07032204982252993,0.180870881353233
2021-12-15 23:59:59,0.04441588096540062,0.05444935115562214,0.07179223492698367,0.1276296778368877
2021-12-16 23:59:59,0.04255661781161086,0.053963681658671235,0.0757292570878467,0.12716692624503334
2021-12-17 23:59:59,0.04843013982025956,0.053958604320396335,0.08960495260985554,0.12708412813804215
2021-12-18 23:59:59,0.05068339800352957,0.05377974457742226,0.08277584521985573,0.12901671198149306
2021-12-19 23:59:59,0.04922864020009088,0.05379842289103511,0.08009452506835461,0.12687701515906166
2021-12-20 23:59:59,0.05076257187236277,0.05380792021704523,0.07864762680204128,0.1312391753219087
2021-12-21 23:59:59,0.050642047092540346,0.053729896179797385,0.05023241459631969,0.14383947381026047
2021-12-22 23:59:59,0.050701373443863905,0.05371687779034421,0.05017403049436489,0.1438737684186489
2021-12-23 23:59:59,0.0502395891886852,0.05371681718457709,0.05044015556903014,0.14026443881126516
2021-12-24 23:59:59,0.04968365556244962,0.05371683942935086,0.050384344125840766,0.14073868379997967
2021-12-25 23:59:59,0.04959687789516761,0.05374504078374437,0.050383826794054794,0.14070382398647324
2021-12-26 23:59:59,0.0497159104959021,0.053762235621086694,0.0503894282707191,0.13944995809280702
2021-12-27 23:59:59,0.049714069570499356,0.05355579410299362,0.05054996652594303,0.13944995809280702
2021-12-28 23:59:59,0.05004954839313548,0.05376012376631744,0.05051993117762515,0.13858338987357863
2021-12-29 23:59:59,0.04759056706351105,0.053764219728779,0.0505724357476914,0.13945057490063792
2021-12-30 23:59:59,0.04759056706351105,0.05375939335968684,0.05057664163246991,0.13927103513674496
2021-12-31 23:59:59,0.04759048815188705,0.05375741188141919,0.05022306771769221,0.13927103513674496
2022-01-01 23:59:59,0.04741156096492428,0.05375271118614183,0.049972330901083495,0.13270743004018645
2022-01-02 23:59:59,0.04741156096492428,0.05375274447660714,0.05021095969611051,0.14172044812602808
2022-01-03 23:59:59,0.05676825596468184,0.05375211081431014,0.049534989718857274,0.13785596022631674
2022-01-04 23:59:59,0.058902088168295834,0.0537520483727636,0.050292161499446174,0.13512931690884544
2022-01-05 23:59:59,0.05792760661726239,0.053776264993294215,0.05063834163620609,0.13512931690884544
2022-01-06 23:59:59,0.05570969722815661,0.053724625085148116,0.05063834163620609,0.13512931690884544
2022-01-07 23:59:59,0.05469623751753612,0.0534892739989426,0.05009500223479234,0.12631604211122685
2022-01-08 23:59:59,0.05738648355888756,0.05324090936980387,0.049764675437462914,0.12631604211122685
2022-01-09 23:59:59,0.057385549510345996,0.053240395737957774,0.04979364155680347,0.12631604211122685
2022-01-10 23:59:59,0.054983884024301696,0.051974909902122036,0.04979364155680347,0.11468375279291829
2022-01-11 23:59:59,0.054983884024301696,0.05201094325950447,0.04979009863031754,0.11427096965604555
2022-01-12 23:59:59,0.05527870821396065,0.052010058453257894,0.0498740623345139,0.11427096965604555
2022-01-13 23:59:59,0.05506103486458426,0.05163607567011004,0.0495484572464464,0.7478134027615465
2022-01-14 23:59:59,0.055061030405046237,0.051634276563580585,0.049509788986896584,0.004713698052265735
2022-01-15 23:59:59,0.055171744575047144,0.05163351570607035,0.049516994650133817,0.005102243746554801
2022-01-16 23:59:59,0.054114446680896836,0.05161833961958113,0.04951699465019924,0.0042893899140144685
2022-01-17 23:59:59,0.05265238063082392,0.05161799791409925,0.04949127548341298,0.004592782248754894
2022-01-18 23:59:59,0.05213069864388257,0.051542097355328394,0.04937873597808555,0.004921143267340511
2022-01-19 23:59:59,0.05128816763814284,0.05148622919283993,0.049366970480294106,0.004921143267340511
2022-01-20 23:59:59,0.05128812745928572,0.05149004074930085,0.049371856065053565,0.004922919945025676
2022-01-21 23:59:59,0.04671475278609341,0.05077262195405915,0.023283869798660702,0.00469614562221037
2022-01-22 23:59:59,0.021414317713997943,0.04746016721843519,0.02034022320670831,0.004480439426173557
2022-01-23 23:59:59,0.021249500100503315,0.051102104514292084,0.0202467684843248,0.0044810865111006674
2022-01-24 23:59:59,0.022101844992506267,0.04665862157113781,0.019790928935357534,0.004335409629516054
2022-01-25 23:59:59,0.01675243919107664,0.03510044660625312,0.002946005873033166,0.0037208715499055405
2022-01-26 23:59:59,0.01831508879044797,0.03510315225558572,0.0029545277336199675,0.0037408338112573714
2022-01-27 23:59:59,0.01834176744550417,0.03510522866486498,0.0031000403636764536,0.0037501811709816884
2022-01-28 23:59:59,0.01850934137495472,0.03510070146777283,0.0030930451392665024,0.003752530662676938
2022-01-29 23:59:59,0.019323196099216296,0.03510178096274209,0.003664667012225342,0.0037800035375389757
2022-01-30 23:59:59,0.01910626826811325,0.03511734836496891,0.0037145216895821064,0.0037800035375389757
2022-01-31 23:59:59,0.019289140750105824,0.03540061233022795,0.004076623967198504,0.0037801962667867325
2022-02-01 23:59:59,0.019407503753656463,0.035402996614967555,0.004133177427861145,0.0037801962667867325
2022-02-02 23:59:59,0.019756991988991748,0.034166027133334234,0.004133409627189347,0.0037821172624506374
2022-02-03 23:59:59,0.019732114227115335,0.03485102381692542,0.004126250726047872,0.003784413968841561
2022-02-04 23:59:59,0.022153251364912245,0.034789928744426706,0.00431388700034502,0.003784413968841561
2022-02-05 23:59:59,0.02290054002662423,0.03505337373213022,0.00445757030983664,0.0038290090792150546
2022-02-06 23:59:59,0.023047013016185156,0.035129181345824226,0.004457250663902928,0.0038290090792150546
2022-02-07 23:59:59,0.023046860577726494,0.034875740099405646,0.005553334407371576,0.0038290090792150546
2022-02-08 23:59:59,0.023389749940143787,0.03464865141334848,0.00597242893605865,0.0038309728778345856
2022-02-09 23:59:59,0.023397289515593698,0.034679076366843434,0.006723521687449117,0.0038309728778345856
2022-02-10 23:59:59,0.023736705670816448,0.03500159776896982,0.006878390368359968,0.0038323710311249284
2022-02-11 23:59:59,0.023669090635707234,0.035005248717586444,0.006366149469836947,0.0038323710311249284
2022-02-12 23:59:59,0.023211282657493046,0.034977303197370004,0.006782609624841247,0.0038326338763526348
2022-02-13 23:59:59,0.02374336809404935,0.0349614381221189,0.006784240087441458,0.0038326338763526348
2022-02-14 23:59:59,0.023704273647191455,0.03520048448439528,0.0067852822073198584,0.0038344512968873923
2022-02-15 23:59:59,0.025477566701756754,0.03618571013103536,0.006785868562827071,0.0038603984858699932
2022-02-16 23:59:59,0.02547947018107685,0.03618507444836798,0.006354792102533593,0.0038603984858699932
2022-02-17 23:59:59,0.02540697060309762,0.036185036367968465,0.006874452262501967,0.0038603984858699932
2022-02-18 23:59:59,0.02306242624847794,0.036186742846354446,0.006874452262501967,0.003865426396451945
2022-02-19 23:59:59,0.023082239038260344,0.03623106313408296,0.006874964800833256,0.00386545178370722
2022-02-20 23:59:59,0.0193066041879228,0.03415114619360936,0.0067873531823722496,0.00386545178370722
2022-02-21 23:59:59,0.01763136926716517,0.03414383641029214,0.006787956543253948,0.00386545178370722
2022-02-22 23:59:59,0.01711464835698477,0.029626505488891192,0.006756172414101981,0.003865971536915722
2022-02-23 23:59:59,0.01717614517189205,0.02962807952147765,0.0067563339471511915,0.003865971536915722
2022-02-24 23:59:59,0.013474947966923088,0.020467582861979024,0.006856921775366826,0.0038665545033601933
2022-02-25 23:59:59,0.013502811208655065,0.0204263806186377,0.006845351763699068,0.0038665545033601933
2022-02-26 23:59:59,0.013711714930962359,0.020695836306156064,0.006845249342279934,0.0038680440033549888
2022-02-27 23:59:59,0.013576277485302761,0.020690254798565948,0.0068183236212784855,0.0042347002991623625
2022-02-28 23:59:59,0.013474708493778477,0.020771361587669897,0.006818280331540222,0.004254081401983878
2022-03-01 23:59:59,0.013757101305508503,0.020822414833089276,0.009023556316834045,0.004281455394912183
2022-03-02 23:59:59,0.013772399985339384,0.02082237219422075,0.009595835751994103,0.004286919121365225
2022-03-03 23:59:59,0.01357356145423408,0.020981015607213497,0.008992768683340563,0.004294586223112687
2022-03-04 23:59:59,0.01453049526052838,0.025358239022165507,0.011294942733466724,0.007313544617522111
2022-03-05 23:59:59,0.014611510091850475,0.02537536095845458,0.011296048958220945,0.007313544617522111
2022-03-06 23:59:59,0.014547996650302788,0.017138959775662616,0.011296242514128354,0.007304113664871313
2022-03-07 23:59:59,0.014216747847904632,0.017126201832746532,0.010372693909880869,0.007304113664871313
2022-03-08 23:59:59,0.01416607630304471,0.01713648910307987,0.010290331210749933,0.007304858916829188
2022-03-09 23:59:59,0.014417080199748057,0.017200484181808893,0.010313759132092386,0.0071415286732460365
2022-03-10 23:59:59,0.014417112676477013,0.014062843361486735,0.010292500939746605,0.00713873498710717
2022-03-11 23:59:59,0.014414170271513487,0.014578341306670172,0.010295034498832465,0.008316489976482211
2022-03-12 23:59:59,0.014415465754652121,0.014596289160079812,0.01029609337074691,0.0083199959307317
2022-03-13 23:59:59,0.014351473560304811,0.01463384057433352,0.01029609337074691,0.008321894744492072
2022-03-14 23:59:59,0.014458533961039586,0.014653758490063912,0.010298571416107453,0.008325774010776825
2022-03-15 23:59:59,0.014851044986467722,0.01465647135588433,0.010724611820830865,0.008352461323366618
2022-03-16 23:59:59,0.014850244077569724,0.014696617950995776,0.010724611820830865,0.009033218545669831
2022-03-17 23:59:59,0.014871528212055047,0.014701702529157572,0.01072483749800148,0.009061667291544978
2022-03-18 23:59:59,0.015220886657438733,0.014702648534691535,0.010687612918372223,0.00906470308813823
2022-03-19 23:59:59,0.01526164903122746,0.014707983865163697,0.010687810671285986,0.009071771707721485
2022-03-20 23:59:59,0.015295010884383993,0.014712901509574543,0.01068841102716888,0.009073834929749525
2022-03-21 23:59:59,0.015295010884383993,0.01472820319438465,0.01071040169139977,0.009046502198005624
2022-03-22 23:59:59,0.015349992361559865,0.014729917309444191,0.011850515489749497,0.009046502198005624
2022-03-23 23:59:59,0.016702117729680117,0.014770207040573621,0.011934457001288248,0.009075220372074196
2022-03-24 23:59:59,0.016702117729680117,0.01490890794822078,0.011934457001288248,0.009088604846666652
2022-03-25 23:59:59,0.016702117729680117,0.014909066233779007,0.011934416075588209,0.009116522369334069
2022-03-26 23:59:59,0.016702014534296122,0.014909066233779007,0.012292019415292357,0.009119462843614102
2022-03-27 23:59:59,0.016915603350333097,0.014911091393003601,0.012292019415292357,0.009141690191171564
2022-03-28 23:59:59,0.017160492682474538,0.014911212807629267,0.012371595738932092,0.009150230202167934
2022-03-29 23:59:59,0.017160492682474538,0.01486789854272342,0.012371511733176499,0.009149810243669032
2022-03-30 23:59:59,0.018121382958554616,0.014859385064828737,0.012371511733176499,0.009149810243669032
2022-03-31 23:59:59,0.018121382958554616,0.014859385064828737,0.012407875063411828,0.009150696974406129
2022-04-01 23:59:59,0.018234137788229014,0.014859385064828737,0.013043189247325566,0.009150696974406129
2022-04-02 23:59:59,0.018234137788229014,0.014859385064828737,0.013043189247325566,0.009185915722829294
2022-04-03 23:59:59,0.018309732239568968,0.014859385064828737,0.013309323897685167,0.009185915722829294
2022-04-04 23:59:59,0.018309732239568968,0.014859385064828737,0.013309323897685167,0.009185915722829294
2022-04-05 23:59:59,0.018309732239568968,0.014859385064828737,0.013309323897685167,0.009185915722829294
2022-04-06 23:59:59,0.017938678178255358,0.014914917853330682,0.013309323897685167,0.009185915722829294
2022-04-07 23:59:59,0.01795447039580287,0.0149227157354289,0.013306077020468847,0.009185915722829294
2022-04-08 23:59:59,0.01713379960301351,0.014927634671781155,0.013520789045889712,0.009185915722829294
2022-04-09 23:59:59,0.016529010404666252,0.014947988433596304,0.013520789045628815,0.009194276485671659
2022-04-10 23:59:59,0.016449205776546513,0.01492845307475475,0.013484206767758395,0.009180387072068811
2022-04-11 23:59:59,0.016122880926173946,0.01222396074639413,0.013484206767758395,0.009180387072068811
2022-04-12 23:59:59,0.016096140846211696,0.012223895629966067,0.013484206767758395,0.009180144104638976
2022-04-13 23:59:59,0.016096140846211696,0.012223895629966067,0.013485010064948798,0.009180144104638976
2022-04-14 23:59:59,0.016102087834598246,0.012281002540883006,0.013624860410190863,0.009180144104638976
2022-04-15 23:59:59,0.01617375900350838,0.012274984834779823,0.013623156552129952,0.00915923048002213
2022-04-16 23:59:59,0.016216799782783252,0.012275532967320006,0.013626325319982488,0.00915923048002213
2022-04-17 23:59:59,0.01607904654336377,0.012290130574278591,0.01474766576057959,0.011878673727621622
2022-04-18 23:59:59,0.01615582422105592,0.01279097393095873,0.014746179754111681,0.011878673727621622
2022-04-19 23:59:59,0.016518018172540703,0.013387521332287879,0.014745279300339843,0.011896307195478587
2022-04-20 23:59:59,0.016594491620520475,0.013387942171466001,0.014745279300339843,0.011896307195478587
2022-04-21 23:59:59,0.016609488308483696,0.013387942171466001,0.014745279300339843,0.01189567279810758
2022-04-22 23:59:59,0.016547679141139134,0.013391703164616764,0.014745279300339843,0.011895267138625666
2022-04-23 23:59:59,0.016547679141139134,0.013392836072781761,0.014745279300339843,0.011895267138625666
2022-04-24 23:59:59,0.016511033038207546,0.01340137734732266,0.014745279300339843,0.011895267138625666
2022-04-25 23:59:59,0.016355727718176522,0.013418943043448015,0.013178389073693435,0.011895267138625666
2022-04-26 23:59:59,0.016289933619051112,0.013437197427906862,0.013178389073693435,0.011895267138625666
2022-04-27 23:59:59,0.016126990716000305,0.013437197427906862,0.013178389073693435,0.011895267138625666
2022-04-28 23:59:59,0.016272991059650212,0.01343711923819486,0.01347154291105661,0.011895267138625666
2022-04-29 23:59:59,0.015653252284086556,0.01343711923819486,0.01347154291105661,0.011895267138625666
2022-04-30 23:59:59,0.015512827536197978,0.013440788472489333,0.013464370136763007,0.011895267138625666
2022-05-01 23:59:59,0.015909866993207594,0.013442991416680311,0.01344504786184766,0.011895267138625666
2022-05-02 23:59:59,0.017296514824505782,0.013421547857597358,0.013445078996073863,0.011873867463818046
2022-05-03 23:59:59,0.0171681625046236,0.013501531628364018,0.013455247791196712,0.011872986277541265
2022-05-04 23:59:59,0.017402277249572825,0.013543955575733277,0.01345610614736351,0.015902324869389858
2022-05-05 23:59:59,0.017403208533840368,0.01355431641885103,0.01344463311717122,0.015951185458284344
2022-05-06 23:59:59,0.0172370728102833,0.012909711240705333,0.013429367376133268,0.01596247481294626
2022-05-07 23:59:59,0.016347569007057236,0.01297196063243807,0.012762342393703642,0.01576555335465112
2022-05-08 23:59:59,0.015174250417138832,0.012256080510303434,0.012362414193007093,0.01401317796422778
2022-05-09 23:59:59,0.011605612301157083,0.01047737262449751,0.011243038512137364,0.0141992168269676
2022-05-10 23:59:59,0.011068475231356477,0.010415855671450123,0.010706970028557253,0.012065039906957993
2022-05-11 13:52:00,0.010166612230298666,0.01050451559832402,0.0105606561159645,0.025309428312634576
