SONIA,Date
0.9405,2022-05-11
0.9397,2022-05-10
0.9403,2022-05-09
0.9409,2022-05-06
0.9382,2022-05-05
0.691,2022-05-04
0.6906,2022-05-03
0.6907,2022-04-29
0.6896,2022-04-28
0.6902,2022-04-27
0.6903,2022-04-26
0.6899,2022-04-25
0.6905,2022-04-22
0.6904,2022-04-21
0.6904,2022-04-20
0.6902,2022-04-19
0.6908,2022-04-14
0.6905,2022-04-13
0.6906,2022-04-12
0.6902,2022-04-11
0.6912,2022-04-08
0.6914,2022-04-07
0.6919,2022-04-06
0.6915,2022-04-05
0.6913,2022-04-04
0.6906,2022-04-01
0.6896,2022-03-31
0.69,2022-03-30
0.6907,2022-03-29
0.6901,2022-03-28
0.6905,2022-03-25
0.6907,2022-03-24
0.6908,2022-03-23
0.6906,2022-03-22
0.6912,2022-03-21
0.6913,2022-03-18
0.6886,2022-03-17
0.445,2022-03-16
0.445,2022-03-15
0.4445,2022-03-14
0.4449,2022-03-11
0.4451,2022-03-10
0.4444,2022-03-09
0.4444,2022-03-08
0.4448,2022-03-07
0.445,2022-03-04
0.4452,2022-03-03
0.445,2022-03-02
0.4451,2022-03-01
0.4451,2022-02-28
0.4449,2022-02-25
0.4451,2022-02-24
0.4451,2022-02-23
0.4449,2022-02-22
0.4442,2022-02-21
0.4453,2022-02-18
0.4449,2022-02-17
0.4449,2022-02-16
0.445,2022-02-15
0.4448,2022-02-14
0.4452,2022-02-11
0.4455,2022-02-10
0.445,2022-02-09
0.4448,2022-02-08
0.4457,2022-02-07
0.4453,2022-02-04
0.4403,2022-02-03
0.196,2022-02-02
0.1957,2022-02-01
0.1989,2022-01-31
0.1957,2022-01-28
0.1957,2022-01-27
0.1956,2022-01-26
0.1954,2022-01-25
0.1955,2022-01-24
0.1967,2022-01-21
0.1966,2022-01-20
0.1964,2022-01-19
0.1959,2022-01-18
0.196,2022-01-17
0.1959,2022-01-14
0.1959,2022-01-13
0.1958,2022-01-12
0.1952,2022-01-11
0.1948,2022-01-10
0.195,2022-01-07
0.1947,2022-01-06
0.1948,2022-01-05
0.1947,2022-01-04
0.1906,2021-12-31
0.1922,2021-12-30
0.1922,2021-12-29
0.1929,2021-12-24
0.1928,2021-12-23
0.1926,2021-12-22
0.1932,2021-12-21
0.1938,2021-12-20
0.1937,2021-12-17
0.1622,2021-12-16
0.045,2021-12-15
0.0453,2021-12-14
0.0453,2021-12-13
0.0451,2021-12-10
0.0458,2021-12-09
0.0457,2021-12-08
0.0453,2021-12-07
0.0456,2021-12-06
0.0457,2021-12-03
0.0457,2021-12-02
0.0459,2021-12-01
0.0455,2021-11-30
0.0464,2021-11-29
0.0461,2021-11-26
0.0465,2021-11-25
0.0462,2021-11-24
0.0466,2021-11-23
0.0468,2021-11-22
0.0464,2021-11-19
0.0467,2021-11-18
0.0469,2021-11-17
0.0465,2021-11-16
0.0473,2021-11-15
0.047,2021-11-12
0.0466,2021-11-11
0.0465,2021-11-10
0.0468,2021-11-09
0.0467,2021-11-08
0.0468,2021-11-05
0.0483,2021-11-04
0.0481,2021-11-03
0.048,2021-11-02
0.0477,2021-11-01
0.0503,2021-10-29
0.0481,2021-10-28
0.0485,2021-10-27
0.0498,2021-10-26
0.0498,2021-10-25
0.05,2021-10-22
0.05,2021-10-21
0.0501,2021-10-20
0.0499,2021-10-19
0.0504,2021-10-18
0.0502,2021-10-15
0.0508,2021-10-14
0.0508,2021-10-13
0.0514,2021-10-12
0.0505,2021-10-11
0.0507,2021-10-08
0.0512,2021-10-07
0.0513,2021-10-06
0.0505,2021-10-05
0.0503,2021-10-04
0.05,2021-10-01
0.0479,2021-09-30
0.0493,2021-09-29
0.0495,2021-09-28
0.0496,2021-09-27
0.05,2021-09-24
0.049,2021-09-23
0.0499,2021-09-22
0.05,2021-09-21
0.05,2021-09-20
0.0502,2021-09-17
0.0501,2021-09-16
0.0499,2021-09-15
0.0499,2021-09-14
0.0506,2021-09-13
0.0509,2021-09-10
0.0503,2021-09-09
0.0505,2021-09-08
0.0507,2021-09-07
0.0503,2021-09-06
0.0499,2021-09-03
0.0501,2021-09-02
0.0503,2021-09-01
0.0502,2021-08-31
0.0507,2021-08-27
0.0505,2021-08-26
0.0504,2021-08-25
0.0505,2021-08-24
0.0505,2021-08-23
0.0508,2021-08-20
0.051,2021-08-19
0.0505,2021-08-18
0.0503,2021-08-17
0.0505,2021-08-16
0.0504,2021-08-13
0.0504,2021-08-12
0.0503,2021-08-11
0.0501,2021-08-10
0.0498,2021-08-09
0.0503,2021-08-06
0.0503,2021-08-05
0.0504,2021-08-04
0.0503,2021-08-03
0.0504,2021-08-02
0.0506,2021-07-30
0.0504,2021-07-29
0.0507,2021-07-28
0.0507,2021-07-27
0.0502,2021-07-26
0.0507,2021-07-23
0.0507,2021-07-22
0.0507,2021-07-21
0.051,2021-07-20
0.0508,2021-07-19
0.0506,2021-07-16
0.0508,2021-07-15
0.0508,2021-07-14
0.0507,2021-07-13
0.0503,2021-07-12
0.0504,2021-07-09
0.0508,2021-07-08
0.0506,2021-07-07
0.0502,2021-07-06
0.0504,2021-07-05
0.0505,2021-07-02
0.0496,2021-07-01
0.0466,2021-06-30
0.0493,2021-06-29
0.0495,2021-06-28
0.0502,2021-06-25
0.05,2021-06-24
0.05,2021-06-23
0.0502,2021-06-22
0.0498,2021-06-21
0.0502,2021-06-18
0.05,2021-06-17
0.05,2021-06-16
0.0499,2021-06-15
0.0499,2021-06-14
0.0501,2021-06-11
0.0499,2021-06-10
0.0502,2021-06-09
0.0505,2021-06-08
0.0504,2021-06-07
0.05,2021-06-04
0.0502,2021-06-03
0.0498,2021-06-02
0.0498,2021-06-01
0.0516,2021-05-28
0.0501,2021-05-27
0.05,2021-05-26
0.0496,2021-05-25
0.0497,2021-05-24
0.0495,2021-05-21
0.0493,2021-05-20
0.049,2021-05-19
0.0493,2021-05-18
0.0483,2021-05-17
0.0497,2021-05-14
0.0494,2021-05-13
0.0492,2021-05-12
0.0488,2021-05-11
0.049,2021-05-10
0.0498,2021-05-07
0.0491,2021-05-06
0.0487,2021-05-05
0.0496,2021-05-04
0.0509,2021-04-30
0.0499,2021-04-29
0.0496,2021-04-28
0.0495,2021-04-27
0.0486,2021-04-26
0.0491,2021-04-23
0.0487,2021-04-22
0.0481,2021-04-21
0.048,2021-04-20
0.0482,2021-04-19
0.048,2021-04-16
0.0477,2021-04-15
0.0482,2021-04-14
0.0481,2021-04-13
0.0482,2021-04-12
0.0484,2021-04-09
0.0483,2021-04-08
0.0483,2021-04-07
0.0482,2021-04-06
0.0475,2021-04-01
0.0466,2021-03-31
0.0475,2021-03-30
0.048,2021-03-29
0.0481,2021-03-26
0.0481,2021-03-25
0.0481,2021-03-24
0.0481,2021-03-23
0.0489,2021-03-22
0.0485,2021-03-19
0.0493,2021-03-18
0.0494,2021-03-17
0.0493,2021-03-16
0.0497,2021-03-15
0.049,2021-03-12
0.0485,2021-03-11
0.0485,2021-03-10
0.049,2021-03-09
0.0491,2021-03-08
0.0488,2021-03-05
0.0494,2021-03-04
0.049,2021-03-03
0.0491,2021-03-02
0.0488,2021-03-01
0.0512,2021-02-26
0.0491,2021-02-25
0.049,2021-02-24
0.0486,2021-02-23
0.049,2021-02-22
0.0489,2021-02-19
0.049,2021-02-18
0.0487,2021-02-17
0.0483,2021-02-16
0.048,2021-02-15
0.0481,2021-02-12
0.0484,2021-02-11
0.0483,2021-02-10
0.0482,2021-02-09
0.048,2021-02-08
0.0482,2021-02-05
0.0484,2021-02-04
0.0486,2021-02-03
0.0485,2021-02-02
0.048,2021-02-01
0.0529,2021-01-29
0.0487,2021-01-28
0.0489,2021-01-27
0.0489,2021-01-26
0.0493,2021-01-25
0.0496,2021-01-22
0.0494,2021-01-21
0.0492,2021-01-20
0.05,2021-01-19
0.0495,2021-01-18
0.0498,2021-01-15
0.05,2021-01-14
0.0496,2021-01-13
0.0487,2021-01-12
0.0488,2021-01-11
0.0497,2021-01-08
0.0491,2021-01-07
0.0488,2021-01-06
0.0485,2021-01-05
0.0479,2021-01-04
0.0394,2020-12-31
0.048,2020-12-30
0.0483,2020-12-29
0.0474,2020-12-24
0.0478,2020-12-23
0.048,2020-12-22
0.0477,2020-12-21
0.0483,2020-12-18
0.0487,2020-12-17
0.0478,2020-12-16
0.0491,2020-12-15
0.0494,2020-12-14
0.0502,2020-12-11
0.0508,2020-12-10
0.0514,2020-12-09
0.051,2020-12-08
0.051,2020-12-07
0.0513,2020-12-04
0.0519,2020-12-03
0.0523,2020-12-02
0.0528,2020-12-01
0.054,2020-11-30
0.0542,2020-11-27
0.0535,2020-11-26
0.0535,2020-11-25
0.0536,2020-11-24
0.0536,2020-11-23
0.0543,2020-11-20
0.0536,2020-11-19
0.0538,2020-11-18
0.0533,2020-11-17
0.0539,2020-11-16
0.0536,2020-11-13
0.0542,2020-11-12
0.0535,2020-11-11
0.0533,2020-11-10
0.0532,2020-11-09
0.0534,2020-11-06
0.0533,2020-11-05
0.0537,2020-11-04
0.0533,2020-11-03
0.0539,2020-11-02
0.0547,2020-10-30
0.0543,2020-10-29
0.054,2020-10-28
0.0542,2020-10-27
0.0541,2020-10-26
0.0538,2020-10-23
0.0543,2020-10-22
0.0536,2020-10-21
0.0533,2020-10-20
0.0535,2020-10-19
0.0533,2020-10-16
0.0534,2020-10-15
0.0538,2020-10-14
0.0531,2020-10-13
0.0542,2020-10-12
0.0538,2020-10-09
0.0539,2020-10-08
0.054,2020-10-07
0.0537,2020-10-06
0.0539,2020-10-05
0.0539,2020-10-02
0.0538,2020-10-01
0.0509,2020-09-30
0.0533,2020-09-29
0.0541,2020-09-28
0.0541,2020-09-25
0.0539,2020-09-24
0.0539,2020-09-23
0.0541,2020-09-22
0.0538,2020-09-21
0.054,2020-09-18
0.0546,2020-09-17
0.0558,2020-09-16
0.0556,2020-09-15
0.0557,2020-09-14
0.0569,2020-09-11
0.0552,2020-09-10
0.055,2020-09-09
0.0557,2020-09-08
0.0556,2020-09-07
0.056,2020-09-04
0.0561,2020-09-03
0.0547,2020-09-02
0.0552,2020-09-01
0.0545,2020-08-28
0.0559,2020-08-27
0.0547,2020-08-26
0.0553,2020-08-25
0.0545,2020-08-24
0.0556,2020-08-21
0.0557,2020-08-20
0.0562,2020-08-19
0.0553,2020-08-18
0.0563,2020-08-17
0.0568,2020-08-14
0.0571,2020-08-13
0.0563,2020-08-12
0.0561,2020-08-11
0.0572,2020-08-10
0.0584,2020-08-07
0.0573,2020-08-06
0.0572,2020-08-05
0.0568,2020-08-04
0.0574,2020-08-03
0.0603,2020-07-31
0.0601,2020-07-30
0.0591,2020-07-29
0.0598,2020-07-28
0.0584,2020-07-27
0.0588,2020-07-24
0.0584,2020-07-23
0.0587,2020-07-22
0.0602,2020-07-21
0.0601,2020-07-20
0.06,2020-07-17
0.0618,2020-07-16
0.0609,2020-07-15
0.0605,2020-07-14
0.0599,2020-07-13
0.0599,2020-07-10
0.0594,2020-07-09
0.0596,2020-07-08
0.059,2020-07-07
0.0592,2020-07-06
0.0608,2020-07-03
0.0608,2020-07-02
0.0611,2020-07-01
0.0603,2020-06-30
0.0619,2020-06-29
0.0633,2020-06-26
0.063,2020-06-25
0.0626,2020-06-24
0.0621,2020-06-23
0.0636,2020-06-22
0.0637,2020-06-19
0.0624,2020-06-18
0.0636,2020-06-17
0.0627,2020-06-16
0.0634,2020-06-15
0.0651,2020-06-12
0.0651,2020-06-11
0.0657,2020-06-10
0.066,2020-06-09
0.066,2020-06-08
0.0679,2020-06-05
0.0693,2020-06-04
0.0685,2020-06-03
0.0686,2020-06-02
0.0665,2020-06-01
0.0679,2020-05-29
0.068,2020-05-28
0.0677,2020-05-27
0.0671,2020-05-26
0.0683,2020-05-22
0.0683,2020-05-21
0.0688,2020-05-20
0.068,2020-05-19
0.0683,2020-05-18
0.0675,2020-05-15
0.0672,2020-05-14
0.0684,2020-05-13
0.0667,2020-05-12
0.0667,2020-05-11
0.0674,2020-05-07
0.0668,2020-05-06
0.0665,2020-05-05
0.0659,2020-05-04
0.0658,2020-05-01
0.0666,2020-04-30
0.0673,2020-04-29
0.0665,2020-04-28
0.0652,2020-04-27
0.0662,2020-04-24
0.0673,2020-04-23
0.0683,2020-04-22
0.0672,2020-04-21
0.0661,2020-04-20
0.0643,2020-04-17
0.0632,2020-04-16
0.0634,2020-04-15
0.0635,2020-04-14
0.066,2020-04-09
0.0641,2020-04-08
0.0661,2020-04-07
0.0657,2020-04-06
0.064,2020-04-03
0.0653,2020-04-02
0.0712,2020-04-01
0.0729,2020-03-31
0.0714,2020-03-30
0.071,2020-03-27
0.0729,2020-03-26
0.075,2020-03-25
0.0736,2020-03-24
0.0723,2020-03-23
0.0706,2020-03-20
0.2134,2020-03-19
0.2148,2020-03-18
0.2135,2020-03-17
0.2096,2020-03-16
0.2093,2020-03-13
0.2093,2020-03-12
0.2092,2020-03-11
0.7091,2020-03-10
0.7091,2020-03-09
0.7087,2020-03-06
0.7089,2020-03-05
0.71,2020-03-04
0.7098,2020-03-03
0.7089,2020-03-02
0.7098,2020-02-28
0.7106,2020-02-27
0.7114,2020-02-26
0.7109,2020-02-25
0.7105,2020-02-24
0.7112,2020-02-21
0.711,2020-02-20
0.7102,2020-02-19
0.7095,2020-02-18
0.7092,2020-02-17
0.7103,2020-02-14
0.7106,2020-02-13
0.7098,2020-02-12
0.7097,2020-02-11
0.7095,2020-02-10
0.7112,2020-02-07
0.7107,2020-02-06
0.7107,2020-02-05
0.7104,2020-02-04
0.7104,2020-02-03
0.7117,2020-01-31
0.7099,2020-01-30
0.7103,2020-01-29
0.7096,2020-01-28
0.7089,2020-01-27
0.7106,2020-01-24
0.7104,2020-01-23
0.7117,2020-01-22
0.7117,2020-01-21
0.7117,2020-01-20
0.712,2020-01-17
0.7117,2020-01-16
0.7125,2020-01-15
0.7111,2020-01-14
0.7107,2020-01-13
0.7117,2020-01-10
0.7123,2020-01-09
0.7124,2020-01-08
0.712,2020-01-07
0.7124,2020-01-06
0.711,2020-01-03
0.7125,2020-01-02
0.7098,2019-12-31
0.7107,2019-12-30
0.71,2019-12-27
0.7094,2019-12-24
0.7102,2019-12-23
0.7108,2019-12-20
0.7113,2019-12-19
0.7106,2019-12-18
0.7104,2019-12-17
0.7111,2019-12-16
0.7113,2019-12-13
0.7104,2019-12-12
0.7098,2019-12-11
0.7103,2019-12-10
0.7095,2019-12-09
0.7086,2019-12-06
0.7097,2019-12-05
0.7091,2019-12-04
0.7092,2019-12-03
0.7091,2019-12-02
0.7123,2019-11-29
0.71,2019-11-28
0.7105,2019-11-27
0.7097,2019-11-26
0.7097,2019-11-25
0.7104,2019-11-22
0.7107,2019-11-21
0.7108,2019-11-20
0.7106,2019-11-19
0.7099,2019-11-18
0.7085,2019-11-15
0.7091,2019-11-14
0.7109,2019-11-13
0.7103,2019-11-12
0.7112,2019-11-11
0.71,2019-11-08
0.7108,2019-11-07
0.7115,2019-11-06
0.7105,2019-11-05
0.7117,2019-11-04
0.7119,2019-11-01
0.7106,2019-10-31
0.7107,2019-10-30
0.7107,2019-10-29
0.7106,2019-10-28
0.7097,2019-10-25
0.7108,2019-10-24
0.7124,2019-10-23
0.7116,2019-10-22
0.7111,2019-10-21
0.7101,2019-10-18
0.7107,2019-10-17
0.7109,2019-10-16
0.7111,2019-10-15
0.7106,2019-10-14
0.7108,2019-10-11
0.7115,2019-10-10
0.7112,2019-10-09
0.7107,2019-10-08
0.7111,2019-10-07
0.7118,2019-10-04
0.7098,2019-10-03
0.7098,2019-10-02
0.7108,2019-10-01
0.7101,2019-09-30
0.7109,2019-09-27
0.7109,2019-09-26
0.7099,2019-09-25
0.7105,2019-09-24
0.7099,2019-09-23
0.7093,2019-09-20
0.7104,2019-09-19
0.7104,2019-09-18
0.711,2019-09-17
0.7099,2019-09-16
0.708,2019-09-13
0.7096,2019-09-12
0.7091,2019-09-11
0.7087,2019-09-10
0.7096,2019-09-09
0.7098,2019-09-06
0.7099,2019-09-05
0.7095,2019-09-04
0.7099,2019-09-03
0.7091,2019-09-02
0.7103,2019-08-30
0.7101,2019-08-29
0.7113,2019-08-28
0.7107,2019-08-27
0.7116,2019-08-23
0.711,2019-08-22
0.7127,2019-08-21
0.7102,2019-08-20
0.71,2019-08-19
0.7112,2019-08-16
0.7098,2019-08-15
0.71,2019-08-14
0.7094,2019-08-13
0.709,2019-08-12
0.7099,2019-08-09
0.7092,2019-08-08
0.7098,2019-08-07
0.7096,2019-08-06
0.7092,2019-08-05
0.7083,2019-08-02
0.7087,2019-08-01
0.7081,2019-07-31
0.7092,2019-07-30
0.7087,2019-07-29
0.7097,2019-07-26
0.7091,2019-07-25
0.7095,2019-07-24
0.7095,2019-07-23
0.7076,2019-07-22
0.7094,2019-07-19
0.7096,2019-07-18
0.7093,2019-07-17
0.7087,2019-07-16
0.7095,2019-07-15
0.71,2019-07-12
0.709,2019-07-11
0.709,2019-07-10
0.7089,2019-07-09
0.7088,2019-07-08
0.7077,2019-07-05
0.7093,2019-07-04
0.7089,2019-07-03
0.7082,2019-07-02
0.7093,2019-07-01
0.706,2019-06-28
0.7086,2019-06-27
0.7084,2019-06-26
0.71,2019-06-25
0.7085,2019-06-24
0.7094,2019-06-21
0.7092,2019-06-20
0.7089,2019-06-19
0.7082,2019-06-18
0.708,2019-06-17
0.7078,2019-06-14
0.7083,2019-06-13
0.7086,2019-06-12
0.7082,2019-06-11
0.7082,2019-06-10
0.709,2019-06-07
0.7092,2019-06-06
0.7094,2019-06-05
0.7084,2019-06-04
0.7084,2019-06-03
0.7078,2019-05-31
0.7085,2019-05-30
0.7073,2019-05-29
0.7082,2019-05-28
0.7086,2019-05-24
0.71,2019-05-23
0.7106,2019-05-22
0.7093,2019-05-21
0.7096,2019-05-20
0.7094,2019-05-17
0.71,2019-05-16
0.7096,2019-05-15
0.7095,2019-05-14
0.7096,2019-05-13
0.7098,2019-05-10
0.7103,2019-05-09
0.7092,2019-05-08
0.7094,2019-05-07
0.7098,2019-05-03
0.7107,2019-05-02
0.7103,2019-05-01
0.7109,2019-04-30
0.7097,2019-04-29
0.7107,2019-04-26
0.7096,2019-04-25
0.7087,2019-04-24
0.7092,2019-04-23
0.7087,2019-04-18
0.7084,2019-04-17
0.7081,2019-04-16
0.7082,2019-04-15
0.7074,2019-04-12
0.7075,2019-04-11
0.7081,2019-04-10
0.7072,2019-04-09
0.7079,2019-04-08
0.7076,2019-04-05
0.7068,2019-04-04
0.7064,2019-04-03
0.7055,2019-04-02
0.7055,2019-04-01
0.7036,2019-03-29
0.7051,2019-03-28
0.7047,2019-03-27
0.7059,2019-03-26
0.7046,2019-03-25
0.7053,2019-03-22
0.705,2019-03-21
0.7054,2019-03-20
0.705,2019-03-19
0.7056,2019-03-18
0.7046,2019-03-15
0.7039,2019-03-14
0.7055,2019-03-13
0.7061,2019-03-12
0.7046,2019-03-11
0.7049,2019-03-08
0.7055,2019-03-07
0.7066,2019-03-06
0.7065,2019-03-05
0.7069,2019-03-04
0.7057,2019-03-01
0.705,2019-02-28
0.7065,2019-02-27
0.7074,2019-02-26
0.708,2019-02-25
0.7083,2019-02-22
0.7072,2019-02-21
0.7077,2019-02-20
0.706,2019-02-19
0.7055,2019-02-18
0.7061,2019-02-15
0.7063,2019-02-14
0.7069,2019-02-13
0.705,2019-02-12
0.7059,2019-02-11
0.7056,2019-02-08
0.7065,2019-02-07
0.7066,2019-02-06
0.7048,2019-02-05
0.7051,2019-02-04
0.7025,2019-02-01
0.7034,2019-01-31
0.7034,2019-01-30
0.7036,2019-01-29
0.7054,2019-01-28
0.7045,2019-01-25
0.7057,2019-01-24
0.7053,2019-01-23
0.7047,2019-01-22
0.7055,2019-01-21
0.7059,2019-01-18
0.7055,2019-01-17
0.7059,2019-01-16
0.7057,2019-01-15
0.7067,2019-01-14
0.7072,2019-01-11
0.7067,2019-01-10
0.7063,2019-01-09
0.7052,2019-01-08
0.7052,2019-01-07
0.7046,2019-01-04
0.7048,2019-01-03
0.7044,2019-01-02
0.6998,2018-12-31
0.7047,2018-12-28
0.706,2018-12-27
0.7051,2018-12-24
0.7054,2018-12-21
0.7032,2018-12-20
0.7039,2018-12-19
0.7019,2018-12-18
0.7003,2018-12-17
0.7028,2018-12-14
0.701,2018-12-13
0.7017,2018-12-12
0.7027,2018-12-11
0.7028,2018-12-10
0.702,2018-12-07
0.7021,2018-12-06
0.701,2018-12-05
0.7014,2018-12-04
0.7019,2018-12-03
0.7002,2018-11-30
0.7017,2018-11-29
0.701,2018-11-28
0.7018,2018-11-27
0.701,2018-11-26
0.7032,2018-11-23
0.7031,2018-11-22
0.7028,2018-11-21
0.7013,2018-11-20
0.7006,2018-11-19
0.7007,2018-11-16
0.7019,2018-11-15
0.7013,2018-11-14
0.7025,2018-11-13
0.7023,2018-11-12
0.7028,2018-11-09
0.7023,2018-11-08
0.7031,2018-11-07
0.7017,2018-11-06
0.7009,2018-11-05
0.7005,2018-11-02
0.7006,2018-11-01
0.7002,2018-10-31
0.7013,2018-10-30
0.7011,2018-10-29
0.7021,2018-10-26
0.6988,2018-10-25
0.7023,2018-10-24
0.7004,2018-10-23
0.699,2018-10-22
0.6999,2018-10-19
0.7017,2018-10-18
0.7016,2018-10-17
0.7012,2018-10-16
0.701,2018-10-15
0.7012,2018-10-12
0.6999,2018-10-11
0.6997,2018-10-10
0.7019,2018-10-09
0.7021,2018-10-08
0.701,2018-10-05
0.7023,2018-10-04
0.7015,2018-10-03
0.7026,2018-10-02
0.7021,2018-10-01
0.6964,2018-09-28
0.7015,2018-09-27
0.699,2018-09-26
0.6995,2018-09-25
0.701,2018-09-24
0.7003,2018-09-21
0.6999,2018-09-20
0.7005,2018-09-19
0.7015,2018-09-18
0.7013,2018-09-17
0.7016,2018-09-14
0.7024,2018-09-13
0.7025,2018-09-12
0.7003,2018-09-11
0.7016,2018-09-10
0.7028,2018-09-07
0.7032,2018-09-06
0.7022,2018-09-05
0.7046,2018-09-04
0.702,2018-09-03
0.7042,2018-08-31
0.7058,2018-08-30
0.7048,2018-08-29
0.7032,2018-08-28
0.7036,2018-08-24
0.7035,2018-08-23
0.7028,2018-08-22
0.7037,2018-08-21
0.7039,2018-08-20
0.703,2018-08-17
0.7024,2018-08-16
0.7018,2018-08-15
0.7021,2018-08-14
0.7037,2018-08-13
0.7035,2018-08-10
0.7019,2018-08-09
0.7028,2018-08-08
0.7011,2018-08-07
0.7006,2018-08-06
0.7028,2018-08-03
0.6897,2018-08-02
0.4522,2018-08-01
0.4503,2018-07-31
0.4523,2018-07-30
0.4532,2018-07-27
0.4532,2018-07-26
0.454,2018-07-25
0.4548,2018-07-24
0.4537,2018-07-23
0.4557,2018-07-20
0.4538,2018-07-19
0.4543,2018-07-18
0.4541,2018-07-17
0.4552,2018-07-16
0.4565,2018-07-13
0.4563,2018-07-12
0.4544,2018-07-11
0.4549,2018-07-10
0.4567,2018-07-09
0.458,2018-07-06
0.4563,2018-07-05
0.4546,2018-07-04
0.4543,2018-07-03
0.4531,2018-07-02
0.4399,2018-06-29
0.4515,2018-06-28
0.4495,2018-06-27
0.4498,2018-06-26
0.4512,2018-06-25
0.4491,2018-06-22
0.4513,2018-06-21
0.4495,2018-06-20
0.4507,2018-06-19
0.4515,2018-06-18
0.4505,2018-06-15
0.4512,2018-06-14
0.4489,2018-06-13
0.4501,2018-06-12
0.4514,2018-06-11
0.4535,2018-06-08
0.4531,2018-06-07
0.4519,2018-06-06
0.4525,2018-06-05
0.4522,2018-06-04
0.4544,2018-06-01
0.4503,2018-05-31
0.4519,2018-05-30
0.4537,2018-05-29
0.4533,2018-05-25
0.4532,2018-05-24
0.4533,2018-05-23
0.4521,2018-05-22
0.4527,2018-05-21
0.454,2018-05-18
0.4533,2018-05-17
0.4528,2018-05-16
0.4511,2018-05-15
0.4513,2018-05-14
0.4542,2018-05-11
0.4539,2018-05-10
0.4553,2018-05-09
0.4542,2018-05-08
0.4556,2018-05-04
0.4527,2018-05-03
0.4515,2018-05-02
0.4497,2018-05-01
0.4507,2018-04-30
0.4548,2018-04-27
0.4549,2018-04-26
0.454,2018-04-25
0.4537,2018-04-24
0.4529,2018-04-23
0.4646,2018-04-20
0.4651,2018-04-19
0.467,2018-04-18
0.4664,2018-04-17
0.4659,2018-04-16
0.4657,2018-04-13
0.4637,2018-04-12
0.4633,2018-04-11
0.4666,2018-04-10
0.4651,2018-04-09
0.4666,2018-04-06
0.4653,2018-04-05
0.4624,2018-04-04
0.4652,2018-04-03
0.4435,2018-03-29
0.4638,2018-03-28
0.4652,2018-03-27
0.4666,2018-03-26
0.468,2018-03-23
0.4634,2018-03-22
0.4667,2018-03-21
0.4636,2018-03-20
0.4633,2018-03-19
0.4644,2018-03-16
0.4659,2018-03-15
0.4637,2018-03-14
0.4637,2018-03-13
0.465,2018-03-12
0.4627,2018-03-09
0.4645,2018-03-08
0.4648,2018-03-07
0.4647,2018-03-06
0.4643,2018-03-05
0.4655,2018-03-02
0.4646,2018-03-01
0.4612,2018-02-28
0.4656,2018-02-27
0.4639,2018-02-26
0.4668,2018-02-23
0.4637,2018-02-22
0.4629,2018-02-21
0.4636,2018-02-20
0.462,2018-02-19
0.4637,2018-02-16
0.4642,2018-02-15
0.4651,2018-02-14
0.4636,2018-02-13
0.463,2018-02-12
0.4634,2018-02-09
0.4624,2018-02-08
0.4618,2018-02-07
0.4626,2018-02-06
0.4619,2018-02-05
0.4632,2018-02-02
0.4636,2018-02-01
0.4668,2018-01-31
0.4627,2018-01-30
0.4613,2018-01-29
0.4633,2018-01-26
0.4618,2018-01-25
0.462,2018-01-24
0.4619,2018-01-23
0.463,2018-01-22
0.4634,2018-01-19
0.4619,2018-01-18
0.4615,2018-01-17
0.4605,2018-01-16
0.4638,2018-01-15
0.468,2018-01-12
0.4655,2018-01-11
0.4647,2018-01-10
0.4627,2018-01-09
0.4632,2018-01-08
0.4625,2018-01-05
0.4618,2018-01-04
0.4642,2018-01-03
0.4622,2018-01-02
0.4123,2017-12-29
0.4665,2017-12-28
0.466,2017-12-27
0.4647,2017-12-22
0.4643,2017-12-21
0.4684,2017-12-20
0.469,2017-12-19
0.4659,2017-12-18
0.4637,2017-12-15
0.4624,2017-12-14
0.4627,2017-12-13
0.4612,2017-12-12
0.4623,2017-12-11
0.4629,2017-12-08
0.4664,2017-12-07
0.4594,2017-12-06
0.4655,2017-12-05
0.4667,2017-12-04
0.4661,2017-12-01
0.4623,2017-11-30
0.4663,2017-11-29
0.4634,2017-11-28
0.4618,2017-11-27
0.4635,2017-11-24
0.4624,2017-11-23
0.4622,2017-11-22
0.4617,2017-11-21
0.4623,2017-11-20
0.4638,2017-11-17
0.4622,2017-11-16
0.4632,2017-11-15
0.4644,2017-11-14
0.4662,2017-11-13
0.4622,2017-11-10
0.4628,2017-11-09
0.4632,2017-11-08
0.4624,2017-11-07
0.4649,2017-11-06
0.4628,2017-11-03
0.4055,2017-11-02
0.2145,2017-11-01
0.2096,2017-10-31
0.216,2017-10-30
0.2131,2017-10-27
0.214,2017-10-26
0.2147,2017-10-25
0.2126,2017-10-24
0.2131,2017-10-23
0.2141,2017-10-20
0.2141,2017-10-19
0.2128,2017-10-18
0.2118,2017-10-17
0.2093,2017-10-16
0.2082,2017-10-13
0.2072,2017-10-12
0.2086,2017-10-11
0.2065,2017-10-10
0.2099,2017-10-09
0.2078,2017-10-06
0.2093,2017-10-05
0.2085,2017-10-04
0.2094,2017-10-03
0.2108,2017-10-02
0.1991,2017-09-29
0.2101,2017-09-28
0.2094,2017-09-27
0.2097,2017-09-26
0.2106,2017-09-25
0.2113,2017-09-22
0.2145,2017-09-21
0.2172,2017-09-20
0.2152,2017-09-19
0.2151,2017-09-18
0.2169,2017-09-15
0.2148,2017-09-14
0.2148,2017-09-13
0.2146,2017-09-12
0.2132,2017-09-11
0.2144,2017-09-08
0.2108,2017-09-07
0.2112,2017-09-06
0.2118,2017-09-05
0.2122,2017-09-04
0.2123,2017-09-01
0.2109,2017-08-31
0.2133,2017-08-30
0.2142,2017-08-29
0.2159,2017-08-25
0.211,2017-08-24
0.212,2017-08-23
0.2116,2017-08-22
0.2115,2017-08-21
0.2123,2017-08-18
0.2156,2017-08-17
0.2137,2017-08-16
0.213,2017-08-15
0.2123,2017-08-14
0.2133,2017-08-11
0.2126,2017-08-10
0.2148,2017-08-09
0.2159,2017-08-08
0.2125,2017-08-07
0.2129,2017-08-04
0.2143,2017-08-03
0.2143,2017-08-02
0.2115,2017-08-01
0.2034,2017-07-31
0.212,2017-07-28
0.2115,2017-07-27
0.2121,2017-07-26
0.2119,2017-07-25
0.2123,2017-07-24
0.2142,2017-07-21
0.2119,2017-07-20
0.2103,2017-07-19
0.2117,2017-07-18
0.2134,2017-07-17
0.2144,2017-07-14
0.2145,2017-07-13
0.2148,2017-07-12
0.2142,2017-07-11
0.2124,2017-07-10
0.2143,2017-07-07
0.2129,2017-07-06
0.212,2017-07-05
0.2118,2017-07-04
0.2137,2017-07-03
0.194,2017-06-30
0.2129,2017-06-29
0.2116,2017-06-28
0.2139,2017-06-27
0.2131,2017-06-26
0.2157,2017-06-23
0.2147,2017-06-22
0.2149,2017-06-21
0.2173,2017-06-20
0.213,2017-06-19
0.2124,2017-06-16
0.2123,2017-06-15
0.2123,2017-06-14
0.2122,2017-06-13
0.2108,2017-06-12
0.2116,2017-06-09
0.2118,2017-06-08
0.2114,2017-06-07
0.2122,2017-06-06
0.2114,2017-06-05
0.213,2017-06-02
0.2131,2017-06-01
0.2087,2017-05-31
0.2119,2017-05-30
0.213,2017-05-26
0.2122,2017-05-25
0.2106,2017-05-24
0.2112,2017-05-23
0.2114,2017-05-22
0.2137,2017-05-19
0.2133,2017-05-18
0.2147,2017-05-17
0.2142,2017-05-16
0.2137,2017-05-15
0.2146,2017-05-12
0.2131,2017-05-11
0.2155,2017-05-10
0.2142,2017-05-09
0.2136,2017-05-08
0.2136,2017-05-05
0.2106,2017-05-04
0.2104,2017-05-03
0.2111,2017-05-02
0.2108,2017-04-28
0.2111,2017-04-27
0.2127,2017-04-26
0.2122,2017-04-25
0.2118,2017-04-24
0.2121,2017-04-21
0.2124,2017-04-20
0.2117,2017-04-19
0.2112,2017-04-18
0.2122,2017-04-13
0.2101,2017-04-12
0.2112,2017-04-11
0.2116,2017-04-10
0.2108,2017-04-07
0.211,2017-04-06
0.2095,2017-04-05
0.2112,2017-04-04
0.2107,2017-04-03
0.174,2017-03-31
0.2136,2017-03-30
0.2116,2017-03-29
0.21,2017-03-28
0.2092,2017-03-27
0.2127,2017-03-24
0.2126,2017-03-23
0.2104,2017-03-22
0.2124,2017-03-21
0.2109,2017-03-20
0.2099,2017-03-17
0.2094,2017-03-16
0.2105,2017-03-15
0.2106,2017-03-14
0.2101,2017-03-13
0.213,2017-03-10
0.2114,2017-03-09
0.2111,2017-03-08
0.2109,2017-03-07
0.2118,2017-03-06
0.2102,2017-03-03
0.2112,2017-03-02
0.2119,2017-03-01
0.203,2017-02-28
0.2111,2017-02-27
0.212,2017-02-24
0.2099,2017-02-23
0.2172,2017-02-22
0.2131,2017-02-21
0.2112,2017-02-20
0.2115,2017-02-17
0.2109,2017-02-16
0.2083,2017-02-15
0.2097,2017-02-14
0.209,2017-02-13
0.2101,2017-02-10
0.208,2017-02-09
0.2105,2017-02-08
0.2103,2017-02-07
0.212,2017-02-06
0.2118,2017-02-03
0.2123,2017-02-02
0.211,2017-02-01
0.2078,2017-01-31
0.215,2017-01-30
0.2162,2017-01-27
0.2132,2017-01-26
0.2138,2017-01-25
0.2131,2017-01-24
0.2152,2017-01-23
0.2154,2017-01-20
0.2139,2017-01-19
0.2139,2017-01-18
0.2129,2017-01-17
0.2125,2017-01-16
0.2127,2017-01-13
0.2128,2017-01-12
0.2113,2017-01-11
0.2122,2017-01-10
0.214,2017-01-09
0.2126,2017-01-06
0.2132,2017-01-05
0.2143,2017-01-04
0.2177,2017-01-03
0.1618,2016-12-30
0.215,2016-12-29
0.2185,2016-12-28
0.2151,2016-12-23
0.2137,2016-12-22
0.2203,2016-12-21
0.2207,2016-12-20
0.2177,2016-12-19
0.2144,2016-12-16
0.2201,2016-12-15
0.2122,2016-12-14
0.2163,2016-12-13
0.2125,2016-12-12
0.2127,2016-12-09
0.2161,2016-12-08
0.2118,2016-12-07
0.2114,2016-12-06
0.2134,2016-12-05
0.2115,2016-12-02
0.2147,2016-12-01
0.2024,2016-11-30
0.2116,2016-11-29
0.2129,2016-11-28
0.2106,2016-11-25
0.2118,2016-11-24
0.2119,2016-11-23
0.2108,2016-11-22
0.2099,2016-11-21
0.2117,2016-11-18
0.2101,2016-11-17
0.2103,2016-11-16
0.2106,2016-11-15
0.2106,2016-11-14
0.214,2016-11-11
0.2137,2016-11-10
0.2102,2016-11-09
0.2116,2016-11-08
0.2108,2016-11-07
0.2106,2016-11-04
0.2121,2016-11-03
0.2082,2016-11-02
0.2122,2016-11-01
0.1999,2016-10-31
0.2092,2016-10-28
0.209,2016-10-27
0.2105,2016-10-26
0.2117,2016-10-25
0.2115,2016-10-24
0.2112,2016-10-21
0.2125,2016-10-20
0.2136,2016-10-19
0.2112,2016-10-18
0.2113,2016-10-17
0.2109,2016-10-14
0.214,2016-10-13
0.2174,2016-10-12
0.2148,2016-10-11
0.2166,2016-10-10
0.2134,2016-10-07
0.2157,2016-10-06
0.2104,2016-10-05
0.2139,2016-10-04
0.2139,2016-10-03
0.1624,2016-09-30
0.2136,2016-09-29
0.2144,2016-09-28
0.2139,2016-09-27
0.2124,2016-09-26
0.2152,2016-09-23
0.2073,2016-09-22
0.2155,2016-09-21
0.213,2016-09-20
0.2134,2016-09-19
0.2141,2016-09-16
0.2156,2016-09-15
0.2197,2016-09-14
0.22,2016-09-13
0.2198,2016-09-12
0.219,2016-09-09
0.2189,2016-09-08
0.2173,2016-09-07
0.2159,2016-09-06
0.2168,2016-09-05
0.214,2016-09-02
0.2144,2016-09-01
0.2018,2016-08-31
0.2161,2016-08-30
0.2152,2016-08-26
0.2174,2016-08-25
0.2153,2016-08-24
0.2138,2016-08-23
0.2133,2016-08-22
0.2146,2016-08-19
0.2118,2016-08-18
0.2098,2016-08-17
0.2115,2016-08-16
0.211,2016-08-15
0.2111,2016-08-12
0.2141,2016-08-11
0.2122,2016-08-10
0.2107,2016-08-09
0.2175,2016-08-08
0.2139,2016-08-05
0.246,2016-08-04
0.4565,2016-08-03
0.4604,2016-08-02
0.457,2016-08-01
0.4534,2016-07-29
0.4575,2016-07-28
0.4589,2016-07-27
0.4603,2016-07-26
0.4565,2016-07-25
0.4632,2016-07-22
0.4671,2016-07-21
0.4615,2016-07-20
0.4581,2016-07-19
0.4617,2016-07-18
0.4666,2016-07-15
0.3954,2016-07-14
0.4593,2016-07-13
0.4598,2016-07-12
0.4603,2016-07-11
0.461,2016-07-08
0.4612,2016-07-07
0.4608,2016-07-06
0.4601,2016-07-05
0.4655,2016-07-04
0.4635,2016-07-01
0.4416,2016-06-30
0.4569,2016-06-29
0.4585,2016-06-28
0.4584,2016-06-27
0.4581,2016-06-24
0.4604,2016-06-23
0.4618,2016-06-22
0.4589,2016-06-21
0.4604,2016-06-20
0.4613,2016-06-17
0.464,2016-06-16
0.4597,2016-06-15
0.4593,2016-06-14
0.4578,2016-06-13
0.4607,2016-06-10
0.4612,2016-06-09
0.4607,2016-06-08
0.4632,2016-06-07
0.4624,2016-06-06
0.4651,2016-06-03
0.461,2016-06-02
0.4633,2016-06-01
0.4542,2016-05-31
0.4666,2016-05-27
0.4653,2016-05-26
0.4651,2016-05-25
0.4669,2016-05-24
0.4623,2016-05-23
0.4642,2016-05-20
0.4649,2016-05-19
0.4648,2016-05-18
0.4629,2016-05-17
0.4633,2016-05-16
0.4635,2016-05-13
0.461,2016-05-12
0.4609,2016-05-11
0.4606,2016-05-10
0.463,2016-05-09
0.4631,2016-05-06
0.4619,2016-05-05
0.4707,2016-05-04
0.4609,2016-05-03
0.4584,2016-04-29
0.4616,2016-04-28
0.4594,2016-04-27
0.4613,2016-04-26
0.4679,2016-04-25
0.4711,2016-04-22
0.4641,2016-04-21
0.4646,2016-04-20
0.4706,2016-04-19
0.4699,2016-04-18
0.4719,2016-04-15
0.4717,2016-04-14
0.4696,2016-04-13
0.4722,2016-04-12
0.4665,2016-04-11
0.466,2016-04-08
0.4643,2016-04-07
0.4666,2016-04-06
0.4669,2016-04-05
0.4632,2016-04-04
0.4651,2016-04-01
0.4128,2016-03-31
0.4638,2016-03-30
0.4656,2016-03-29
0.4679,2016-03-24
0.4694,2016-03-23
0.464,2016-03-22
0.4685,2016-03-21
0.4664,2016-03-18
0.4636,2016-03-17
0.467,2016-03-16
0.466,2016-03-15
0.4689,2016-03-14
0.472,2016-03-11
0.4681,2016-03-10
0.4665,2016-03-09
0.4666,2016-03-08
0.4688,2016-03-07
0.4712,2016-03-04
0.4666,2016-03-03
0.466,2016-03-02
0.4672,2016-03-01
0.4545,2016-02-29
0.4728,2016-02-26
0.4632,2016-02-25
0.4637,2016-02-24
0.4608,2016-02-23
0.4668,2016-02-22
0.4624,2016-02-19
0.4618,2016-02-18
0.4627,2016-02-17
0.472,2016-02-16
0.4669,2016-02-15
0.4678,2016-02-12
0.467,2016-02-11
0.4666,2016-02-10
0.4671,2016-02-09
0.4674,2016-02-08
0.4672,2016-02-05
0.4686,2016-02-04
0.4671,2016-02-03
0.4663,2016-02-02
0.466,2016-02-01
0.4517,2016-01-29
0.4668,2016-01-28
0.468,2016-01-27
0.4669,2016-01-26
0.472,2016-01-25
0.4716,2016-01-22
0.4693,2016-01-21
0.4638,2016-01-20
0.4632,2016-01-19
0.4644,2016-01-18
0.468,2016-01-15
0.4635,2016-01-14
0.4636,2016-01-13
0.4636,2016-01-12
0.4638,2016-01-11
0.466,2016-01-08
0.4668,2016-01-07
0.4717,2016-01-06
0.4676,2016-01-05
0.4648,2016-01-04
0.3475,2015-12-31
0.4618,2015-12-30
0.4618,2015-12-29
0.4604,2015-12-24
0.4607,2015-12-23
0.4617,2015-12-22
0.4619,2015-12-21
0.4673,2015-12-18
0.4629,2015-12-17
0.4644,2015-12-16
0.4614,2015-12-15
0.4642,2015-12-14
0.4623,2015-12-11
0.4613,2015-12-10
0.4638,2015-12-09
0.4615,2015-12-08
0.4715,2015-12-07
0.4622,2015-12-04
0.4626,2015-12-03
0.4638,2015-12-02
0.4617,2015-12-01
0.4539,2015-11-30
0.4723,2015-11-27
0.4621,2015-11-26
0.4661,2015-11-25
0.4628,2015-11-24
0.4635,2015-11-23
0.4627,2015-11-20
0.4634,2015-11-19
0.4639,2015-11-18
0.4628,2015-11-17
0.4625,2015-11-16
0.4642,2015-11-13
0.4611,2015-11-12
0.4641,2015-11-11
0.4667,2015-11-10
0.464,2015-11-09
0.4633,2015-11-06
0.4646,2015-11-05
0.4641,2015-11-04
0.4629,2015-11-03
0.4638,2015-11-02
0.4482,2015-10-30
0.4617,2015-10-29
0.46,2015-10-28
0.4633,2015-10-27
0.462,2015-10-26
0.4603,2015-10-23
0.4649,2015-10-22
0.465,2015-10-21
0.4619,2015-10-20
0.4642,2015-10-19
0.4613,2015-10-16
0.4603,2015-10-15
0.4583,2015-10-14
0.4577,2015-10-13
0.4706,2015-10-12
0.4692,2015-10-09
0.4729,2015-10-08
0.4621,2015-10-07
0.465,2015-10-06
0.4591,2015-10-05
0.4599,2015-10-02
0.4596,2015-10-01
0.3518,2015-09-30
0.4597,2015-09-29
0.4584,2015-09-28
0.4615,2015-09-25
0.4615,2015-09-24
0.462,2015-09-23
0.463,2015-09-22
0.4672,2015-09-21
0.4582,2015-09-18
0.4548,2015-09-17
0.4528,2015-09-16
0.4553,2015-09-15
0.4606,2015-09-14
0.4636,2015-09-11
0.4641,2015-09-10
0.4619,2015-09-09
0.4536,2015-09-08
0.4591,2015-09-07
0.4511,2015-09-04
0.4579,2015-09-03
0.4594,2015-09-02
0.4586,2015-09-01
0.4526,2015-08-28
0.4604,2015-08-27
0.4638,2015-08-26
0.4612,2015-08-25
0.4612,2015-08-24
0.4628,2015-08-21
0.4607,2015-08-20
0.455,2015-08-19
0.4525,2015-08-18
0.4614,2015-08-17
0.4613,2015-08-14
0.4587,2015-08-13
0.4589,2015-08-12
0.4607,2015-08-11
0.459,2015-08-10
0.4594,2015-08-07
0.4591,2015-08-06
0.4563,2015-08-05
0.4575,2015-08-04
0.4573,2015-08-03
0.4481,2015-07-31
0.4571,2015-07-30
0.4551,2015-07-29
0.4563,2015-07-28
0.4536,2015-07-27
0.4535,2015-07-24
0.4548,2015-07-23
0.4524,2015-07-22
0.4597,2015-07-21
0.4566,2015-07-20
0.457,2015-07-17
0.4578,2015-07-16
0.4561,2015-07-15
0.4545,2015-07-14
0.4521,2015-07-13
0.4525,2015-07-10
0.4549,2015-07-09
0.457,2015-07-08
0.4539,2015-07-07
0.4515,2015-07-06
0.4564,2015-07-03
0.4528,2015-07-02
0.4581,2015-07-01
0.3947,2015-06-30
0.4551,2015-06-29
0.4577,2015-06-26
0.4573,2015-06-25
0.4561,2015-06-24
0.4613,2015-06-23
0.4602,2015-06-22
0.4584,2015-06-19
0.4603,2015-06-18
0.4613,2015-06-17
0.4626,2015-06-16
0.4587,2015-06-15
0.4596,2015-06-12
0.4621,2015-06-11
0.4639,2015-06-10
0.4593,2015-06-09
0.4599,2015-06-08
0.4592,2015-06-05
0.4625,2015-06-04
0.4602,2015-06-03
0.4554,2015-06-02
0.4603,2015-06-01
0.4506,2015-05-29
0.4638,2015-05-28
0.4629,2015-05-27
0.4624,2015-05-26
0.47,2015-05-22
0.4596,2015-05-21
0.4661,2015-05-20
0.4644,2015-05-19
0.4605,2015-05-18
0.4605,2015-05-15
0.4615,2015-05-14
0.4613,2015-05-13
0.461,2015-05-12
0.4583,2015-05-11
0.4621,2015-05-08
0.4611,2015-05-07
0.4632,2015-05-06
0.4655,2015-05-05
0.4623,2015-05-01
0.4529,2015-04-30
0.4608,2015-04-29
0.4566,2015-04-28
0.4651,2015-04-27
0.461,2015-04-24
0.4585,2015-04-23
0.459,2015-04-22
0.4593,2015-04-21
0.4547,2015-04-20
0.4609,2015-04-17
0.4601,2015-04-16
0.4577,2015-04-15
0.4575,2015-04-14
0.4537,2015-04-13
0.4547,2015-04-10
0.4526,2015-04-09
0.4541,2015-04-08
0.4561,2015-04-07
0.4555,2015-04-02
0.4573,2015-04-01
0.4217,2015-03-31
0.4615,2015-03-30
0.4637,2015-03-27
0.4554,2015-03-26
0.4586,2015-03-25
0.464,2015-03-24
0.4607,2015-03-23
0.4599,2015-03-20
0.457,2015-03-19
0.4607,2015-03-18
0.452,2015-03-17
0.4496,2015-03-16
0.4529,2015-03-13
0.4521,2015-03-12
0.4559,2015-03-11
0.4589,2015-03-10
0.4627,2015-03-09
0.4576,2015-03-06
0.4628,2015-03-05
0.4575,2015-03-04
0.4605,2015-03-03
0.4639,2015-03-02
0.4442,2015-02-27
0.4669,2015-02-26
0.4574,2015-02-25
0.4598,2015-02-24
0.4505,2015-02-23
0.4568,2015-02-20
0.4654,2015-02-19
0.4643,2015-02-18
0.4625,2015-02-17
0.4562,2015-02-16
0.4524,2015-02-13
0.4423,2015-02-12
0.4431,2015-02-11
0.441,2015-02-10
0.4427,2015-02-09
0.4453,2015-02-06
0.4427,2015-02-05
0.4345,2015-02-04
0.45,2015-02-03
0.4443,2015-02-02
0.4195,2015-01-30
0.4407,2015-01-29
0.4474,2015-01-28
0.4322,2015-01-27
0.4443,2015-01-26
0.4461,2015-01-23
0.4325,2015-01-22
0.4366,2015-01-21
0.4338,2015-01-20
0.4422,2015-01-19
0.4372,2015-01-16
0.4384,2015-01-15
0.4334,2015-01-14
0.4348,2015-01-13
0.4352,2015-01-12
0.4327,2015-01-09
0.4339,2015-01-08
0.4292,2015-01-07
0.43,2015-01-06
0.4335,2015-01-05
0.4316,2015-01-02
0.3565,2014-12-31
0.4324,2014-12-30
0.428,2014-12-29
0.4303,2014-12-24
0.427,2014-12-23
0.428,2014-12-22
0.4319,2014-12-19
0.4317,2014-12-18
0.4299,2014-12-17
0.4339,2014-12-16
0.433,2014-12-15
0.4358,2014-12-12
0.4363,2014-12-11
0.4357,2014-12-10
0.443,2014-12-09
0.4293,2014-12-08
0.4266,2014-12-05
0.4266,2014-12-04
0.4274,2014-12-03
0.4288,2014-12-02
0.4359,2014-12-01
0.4225,2014-11-28
0.4391,2014-11-27
0.4359,2014-11-26
0.43,2014-11-25
0.4323,2014-11-24
0.4294,2014-11-21
0.4303,2014-11-20
0.4307,2014-11-19
0.4315,2014-11-18
0.4334,2014-11-17
0.4301,2014-11-14
0.436,2014-11-13
0.4357,2014-11-12
0.4314,2014-11-11
0.4296,2014-11-10
0.4358,2014-11-07
0.4341,2014-11-06
0.4327,2014-11-05
0.4344,2014-11-04
0.4345,2014-11-03
0.4227,2014-10-31
0.433,2014-10-30
0.4342,2014-10-29
0.4358,2014-10-28
0.4329,2014-10-27
0.4278,2014-10-24
0.4349,2014-10-23
0.4287,2014-10-22
0.4286,2014-10-21
0.4284,2014-10-20
0.4309,2014-10-17
0.4314,2014-10-16
0.429,2014-10-15
0.4335,2014-10-14
0.4386,2014-10-13
0.4265,2014-10-10
0.4321,2014-10-09
0.4299,2014-10-08
0.4271,2014-10-07
0.431,2014-10-06
0.4331,2014-10-03
0.4298,2014-10-02
0.4285,2014-10-01
0.4027,2014-09-30
0.4506,2014-09-29
0.4512,2014-09-26
0.428,2014-09-25
0.4418,2014-09-24
0.4422,2014-09-23
0.4258,2014-09-22
0.4249,2014-09-19
0.4288,2014-09-18
0.4301,2014-09-17
0.4339,2014-09-16
0.4319,2014-09-15
0.4316,2014-09-12
0.4288,2014-09-11
0.4291,2014-09-10
0.4294,2014-09-09
0.4311,2014-09-08
0.4293,2014-09-05
0.4292,2014-09-04
0.4303,2014-09-03
0.4326,2014-09-02
0.4375,2014-09-01
0.4005,2014-08-29
0.4359,2014-08-28
0.4265,2014-08-27
0.4254,2014-08-26
0.4142,2014-08-22
0.4257,2014-08-21
0.4233,2014-08-20
0.4265,2014-08-19
0.4224,2014-08-18
0.4224,2014-08-15
0.4183,2014-08-14
0.4211,2014-08-13
0.4212,2014-08-12
0.4258,2014-08-11
0.4218,2014-08-08
0.425,2014-08-07
0.4244,2014-08-06
0.4282,2014-08-05
0.4248,2014-08-04
0.4228,2014-08-01
0.4045,2014-07-31
0.4367,2014-07-30
0.4279,2014-07-29
0.4324,2014-07-28
0.4247,2014-07-25
0.4349,2014-07-24
0.4333,2014-07-23
0.4307,2014-07-22
0.4219,2014-07-21
0.4263,2014-07-18
0.4265,2014-07-17
0.4263,2014-07-16
0.4297,2014-07-15
0.4291,2014-07-14
0.4277,2014-07-11
0.4282,2014-07-10
0.4315,2014-07-09
0.4307,2014-07-08
0.4301,2014-07-07
0.4228,2014-07-04
0.423,2014-07-03
0.4371,2014-07-02
0.4347,2014-07-01
0.3807,2014-06-30
0.4351,2014-06-27
0.4213,2014-06-26
0.4275,2014-06-25
0.4282,2014-06-24
0.426,2014-06-23
0.438,2014-06-20
0.4349,2014-06-19
0.4298,2014-06-18
0.4252,2014-06-17
0.428,2014-06-16
0.4407,2014-06-13
0.4253,2014-06-12
0.4251,2014-06-11
0.4261,2014-06-10
0.4237,2014-06-09
0.4287,2014-06-06
0.4342,2014-06-05
0.4172,2014-06-04
0.4126,2014-06-03
0.4186,2014-06-02
0.4169,2014-05-30
0.4234,2014-05-29
0.4254,2014-05-28
0.4223,2014-05-27
0.4294,2014-05-23
0.4222,2014-05-22
0.4228,2014-05-21
0.4229,2014-05-20
0.4254,2014-05-19
0.426,2014-05-16
0.4271,2014-05-15
0.4249,2014-05-14
0.4224,2014-05-13
0.4219,2014-05-12
0.4254,2014-05-09
0.4255,2014-05-08
0.4251,2014-05-07
0.4196,2014-05-06
0.4178,2014-05-02
0.4205,2014-05-01
0.3984,2014-04-30
0.4199,2014-04-29
0.4234,2014-04-28
0.4208,2014-04-25
0.4215,2014-04-24
0.4225,2014-04-23
0.424,2014-04-22
0.4265,2014-04-17
0.4275,2014-04-16
0.43,2014-04-15
0.4235,2014-04-14
0.422,2014-04-11
0.4275,2014-04-10
0.425,2014-04-09
0.4237,2014-04-08
0.4255,2014-04-07
0.4174,2014-04-04
0.4224,2014-04-03
0.4209,2014-04-02
0.4168,2014-04-01
0.3342,2014-03-31
0.421,2014-03-28
0.4233,2014-03-27
0.425,2014-03-26
0.4234,2014-03-25
0.4208,2014-03-24
0.4191,2014-03-21
0.4293,2014-03-20
0.418,2014-03-19
0.4163,2014-03-18
0.4197,2014-03-17
0.4162,2014-03-14
0.4173,2014-03-13
0.4197,2014-03-12
0.4202,2014-03-11
0.4129,2014-03-10
0.4181,2014-03-07
0.4196,2014-03-06
0.4209,2014-03-05
0.4188,2014-03-04
0.4197,2014-03-03
0.3904,2014-02-28
0.4109,2014-02-27
0.4189,2014-02-26
0.418,2014-02-25
0.4185,2014-02-24
0.4199,2014-02-21
0.4142,2014-02-20
0.4134,2014-02-19
0.4116,2014-02-18
0.4315,2014-02-17
0.4216,2014-02-14
0.4199,2014-02-13
0.4166,2014-02-12
0.4185,2014-02-11
0.4222,2014-02-10
0.4245,2014-02-07
0.4296,2014-02-06
0.4271,2014-02-05
0.4319,2014-02-04
0.4339,2014-02-03
0.4104,2014-01-31
0.4342,2014-01-30
0.4273,2014-01-29
0.4343,2014-01-28
0.4253,2014-01-27
0.4289,2014-01-24
0.4336,2014-01-23
0.4287,2014-01-22
0.4313,2014-01-21
0.4303,2014-01-20
0.4246,2014-01-17
0.4371,2014-01-16
0.4308,2014-01-15
0.4284,2014-01-14
0.427,2014-01-13
0.4272,2014-01-10
0.4284,2014-01-09
0.4282,2014-01-08
0.4332,2014-01-07
0.4304,2014-01-06
0.4256,2014-01-03
0.4264,2014-01-02
0.3057,2013-12-31
0.4162,2013-12-30
0.4248,2013-12-27
0.4167,2013-12-24
0.4236,2013-12-23
0.4247,2013-12-20
0.4297,2013-12-19
0.4289,2013-12-18
0.4287,2013-12-17
0.4243,2013-12-16
0.4301,2013-12-13
0.431,2013-12-12
0.4298,2013-12-11
0.4319,2013-12-10
0.4321,2013-12-09
0.4316,2013-12-06
0.4286,2013-12-05
0.4285,2013-12-04
0.4282,2013-12-03
0.434,2013-12-02
0.4188,2013-11-29
0.4357,2013-11-28
0.4316,2013-11-27
0.4316,2013-11-26
0.4288,2013-11-25
0.4301,2013-11-22
0.4326,2013-11-21
0.4329,2013-11-20
0.4295,2013-11-19
0.4306,2013-11-18
0.4322,2013-11-15
0.4329,2013-11-14
0.4304,2013-11-13
0.4315,2013-11-12
0.4331,2013-11-11
0.4249,2013-11-08
0.4303,2013-11-07
0.4258,2013-11-06
0.4288,2013-11-05
0.4308,2013-11-04
0.4264,2013-11-01
0.4184,2013-10-31
0.4281,2013-10-30
0.4294,2013-10-29
0.4322,2013-10-28
0.433,2013-10-25
0.4316,2013-10-24
0.4317,2013-10-23
0.4309,2013-10-22
0.4332,2013-10-21
0.4322,2013-10-18
0.4277,2013-10-17
0.4313,2013-10-16
0.4337,2013-10-15
0.4354,2013-10-14
0.4283,2013-10-11
0.4307,2013-10-10
0.4333,2013-10-09
0.4346,2013-10-08
0.4335,2013-10-07
0.4315,2013-10-04
0.4362,2013-10-03
0.4288,2013-10-02
0.4345,2013-10-01
0.411,2013-09-30
0.4286,2013-09-27
0.4301,2013-09-26
0.4303,2013-09-25
0.4322,2013-09-24
0.433,2013-09-23
0.4303,2013-09-20
0.4308,2013-09-19
0.425,2013-09-18
0.42,2013-09-17
0.4187,2013-09-16
0.4319,2013-09-13
0.4341,2013-09-12
0.4314,2013-09-11
0.4349,2013-09-10
0.4337,2013-09-09
0.4335,2013-09-06
0.4344,2013-09-05
0.4361,2013-09-04
0.433,2013-09-03
0.4343,2013-09-02
0.3979,2013-08-30
0.4255,2013-08-29
0.4303,2013-08-28
0.427,2013-08-27
0.427,2013-08-23
0.4296,2013-08-22
0.4261,2013-08-21
0.4287,2013-08-20
0.4254,2013-08-19
0.4257,2013-08-16
0.4272,2013-08-15
0.4251,2013-08-14
0.4237,2013-08-13
0.4301,2013-08-12
0.4277,2013-08-09
0.4281,2013-08-08
0.4301,2013-08-07
0.4333,2013-08-06
0.4305,2013-08-05
0.4314,2013-08-02
0.4367,2013-08-01
0.4299,2013-07-31
0.4324,2013-07-30
0.4315,2013-07-29
0.4298,2013-07-26
0.431,2013-07-25
0.4293,2013-07-24
0.4299,2013-07-23
0.4312,2013-07-22
0.4324,2013-07-19
0.4314,2013-07-18
0.4309,2013-07-17
0.4266,2013-07-16
0.4313,2013-07-15
0.4312,2013-07-12
0.4318,2013-07-11
0.4293,2013-07-10
0.4311,2013-07-09
0.429,2013-07-08
0.4287,2013-07-05
0.4288,2013-07-04
0.4286,2013-07-03
0.4295,2013-07-02
0.4273,2013-07-01
0.3919,2013-06-28
0.4303,2013-06-27
0.4305,2013-06-26
0.4326,2013-06-25
0.4335,2013-06-24
0.4303,2013-06-21
0.431,2013-06-20
0.4293,2013-06-19
0.4302,2013-06-18
0.4287,2013-06-17
0.4277,2013-06-14
0.4263,2013-06-13
0.4269,2013-06-12
0.4247,2013-06-11
0.4213,2013-06-10
0.4218,2013-06-07
0.4243,2013-06-06
0.4172,2013-06-05
0.4208,2013-06-04
0.4239,2013-06-03
0.4204,2013-05-31
0.4231,2013-05-30
0.4238,2013-05-29
0.4228,2013-05-28
0.4214,2013-05-24
0.4384,2013-05-23
0.4364,2013-05-22
0.4431,2013-05-21
0.4339,2013-05-20
0.4363,2013-05-17
0.4357,2013-05-16
0.4364,2013-05-15
0.4373,2013-05-14
0.4377,2013-05-13
0.4348,2013-05-10
0.4357,2013-05-09
0.4349,2013-05-08
0.435,2013-05-07
0.4401,2013-05-03
0.4408,2013-05-02
0.4376,2013-05-01
0.4337,2013-04-30
0.4358,2013-04-29
0.4365,2013-04-26
0.4407,2013-04-25
0.4385,2013-04-24
0.4386,2013-04-23
0.4405,2013-04-22
0.4437,2013-04-19
0.4415,2013-04-18
0.4423,2013-04-17
0.4406,2013-04-16
0.4392,2013-04-15
0.44,2013-04-12
0.4434,2013-04-11
0.4448,2013-04-10
0.4371,2013-04-09
0.4375,2013-04-08
0.4452,2013-04-05
0.4421,2013-04-04
0.4353,2013-04-03
0.4356,2013-04-02
0.4203,2013-03-28
0.4342,2013-03-27
0.4403,2013-03-26
0.4407,2013-03-25
0.4356,2013-03-22
0.4338,2013-03-21
0.4384,2013-03-20
0.4399,2013-03-19
0.4396,2013-03-18
0.4371,2013-03-15
0.4479,2013-03-14
0.448,2013-03-13
0.4337,2013-03-12
0.4295,2013-03-11
0.4313,2013-03-08
0.429,2013-03-07
0.4346,2013-03-06
0.4333,2013-03-05
0.4287,2013-03-04
0.4305,2013-03-01
0.4339,2013-02-28
0.432,2013-02-27
0.4314,2013-02-26
0.4347,2013-02-25
0.433,2013-02-22
0.4321,2013-02-21
0.4321,2013-02-20
0.4345,2013-02-19
0.429,2013-02-18
0.4317,2013-02-15
0.4345,2013-02-14
0.4267,2013-02-13
0.4266,2013-02-12
0.4245,2013-02-11
0.4252,2013-02-08
0.4265,2013-02-07
0.4055,2013-02-06
0.4059,2013-02-05
0.4136,2013-02-04
0.4093,2013-02-01
0.4082,2013-01-31
0.4115,2013-01-30
0.4066,2013-01-29
0.4051,2013-01-28
0.4039,2013-01-25
0.4018,2013-01-24
0.3994,2013-01-23
0.4029,2013-01-22
0.4023,2013-01-21
0.4042,2013-01-18
0.4022,2013-01-17
0.3977,2013-01-16
0.4054,2013-01-15
0.4041,2013-01-14
0.4027,2013-01-11
0.3988,2013-01-10
0.4273,2013-01-09
0.4231,2013-01-08
0.4238,2013-01-07
0.4261,2013-01-04
0.4261,2013-01-03
0.43,2013-01-02
0.4275,2012-12-31
0.4294,2012-12-28
0.4299,2012-12-27
0.4456,2012-12-24
0.4335,2012-12-21
0.4276,2012-12-20
0.4312,2012-12-19
0.4331,2012-12-18
0.4332,2012-12-17
0.4293,2012-12-14
0.4309,2012-12-13
0.431,2012-12-12
0.4304,2012-12-11
0.4308,2012-12-10
0.4331,2012-12-07
0.4287,2012-12-06
0.4287,2012-12-05
0.4255,2012-12-04
0.427,2012-12-03
0.4327,2012-11-30
0.4334,2012-11-29
0.4334,2012-11-28
0.4306,2012-11-27
0.4265,2012-11-26
0.4251,2012-11-23
0.4271,2012-11-22
0.4187,2012-11-21
0.4164,2012-11-20
0.4156,2012-11-19
0.4153,2012-11-16
0.4037,2012-11-15
0.4031,2012-11-14
0.4055,2012-11-13
0.4235,2012-11-12
0.4414,2012-11-09
0.436,2012-11-08
0.4379,2012-11-07
0.4354,2012-11-06
0.4359,2012-11-05
0.4344,2012-11-02
0.4321,2012-11-01
0.4088,2012-10-31
0.4349,2012-10-30
0.4315,2012-10-29
0.4347,2012-10-26
0.4332,2012-10-25
0.4324,2012-10-24
0.4365,2012-10-23
0.4388,2012-10-22
0.439,2012-10-19
0.4358,2012-10-18
0.4351,2012-10-17
0.4331,2012-10-16
0.4295,2012-10-15
0.4363,2012-10-12
0.4361,2012-10-11
0.4334,2012-10-10
0.4353,2012-10-09
0.4378,2012-10-08
0.4379,2012-10-05
0.4348,2012-10-04
0.4312,2012-10-03
0.4325,2012-10-02
0.4293,2012-10-01
0.3938,2012-09-28
0.4273,2012-09-27
0.4263,2012-09-26
0.4311,2012-09-25
0.4291,2012-09-24
0.4313,2012-09-21
0.4293,2012-09-20
0.4211,2012-09-19
0.4184,2012-09-18
0.415,2012-09-17
0.4194,2012-09-14
0.4193,2012-09-13
0.4196,2012-09-12
0.4227,2012-09-11
0.4256,2012-09-10
0.423,2012-09-07
0.4432,2012-09-06
0.4465,2012-09-05
0.4513,2012-09-04
0.4481,2012-09-03
0.4298,2012-08-31
0.446,2012-08-30
0.4575,2012-08-29
0.4585,2012-08-28
0.4463,2012-08-24
0.4513,2012-08-23
0.4572,2012-08-22
0.4536,2012-08-21
0.445,2012-08-20
0.4408,2012-08-17
0.4562,2012-08-16
0.4584,2012-08-15
0.4446,2012-08-14
0.4526,2012-08-13
0.4422,2012-08-10
0.45,2012-08-09
0.4489,2012-08-08
0.4562,2012-08-07
0.447,2012-08-06
0.4566,2012-08-03
0.4434,2012-08-02
0.4589,2012-08-01
0.4553,2012-07-31
0.4579,2012-07-30
0.4629,2012-07-27
0.4548,2012-07-26
0.4591,2012-07-25
0.4583,2012-07-24
0.4618,2012-07-23
0.4641,2012-07-20
0.4607,2012-07-19
0.462,2012-07-18
0.4634,2012-07-17
0.4605,2012-07-16
0.4661,2012-07-13
0.464,2012-07-12
0.4713,2012-07-11
0.4676,2012-07-10
0.4685,2012-07-09
0.4678,2012-07-06
0.4713,2012-07-05
0.4723,2012-07-04
0.4763,2012-07-03
0.4742,2012-07-02
0.4586,2012-06-29
0.4749,2012-06-28
0.488,2012-06-27
0.4842,2012-06-26
0.4869,2012-06-25
0.4818,2012-06-22
0.4941,2012-06-21
0.4933,2012-06-20
0.4891,2012-06-19
0.4941,2012-06-18
0.491,2012-06-15
0.4864,2012-06-14
0.491,2012-06-13
0.4787,2012-06-12
0.4847,2012-06-11
0.4874,2012-06-08
0.4881,2012-06-07
0.486,2012-06-06
0.4935,2012-06-01
0.4939,2012-05-31
0.4927,2012-05-30
0.4871,2012-05-29
0.4894,2012-05-28
0.4881,2012-05-25
0.4845,2012-05-24
0.4899,2012-05-23
0.4866,2012-05-22
0.4863,2012-05-21
0.4859,2012-05-18
0.4867,2012-05-17
0.4873,2012-05-16
0.4856,2012-05-15
0.4863,2012-05-14
0.4812,2012-05-11
0.4934,2012-05-10
0.4779,2012-05-09
0.4733,2012-05-08
0.479,2012-05-04
0.4742,2012-05-03
0.4815,2012-05-02
0.4748,2012-05-01
0.4785,2012-04-30
0.4749,2012-04-27
0.4774,2012-04-26
0.4796,2012-04-25
0.4826,2012-04-24
0.4836,2012-04-23
0.4899,2012-04-20
0.4915,2012-04-19
0.4848,2012-04-18
0.4888,2012-04-17
0.4907,2012-04-16
0.493,2012-04-13
0.4932,2012-04-12
0.5039,2012-04-11
0.496,2012-04-10
0.4834,2012-04-05
0.4789,2012-04-04
0.4838,2012-04-03
0.4816,2012-04-02
0.4775,2012-03-30
0.4957,2012-03-29
0.4885,2012-03-28
0.4913,2012-03-27
0.4986,2012-03-26
0.4969,2012-03-23
0.5024,2012-03-22
0.4934,2012-03-21
0.4885,2012-03-20
0.4859,2012-03-19
0.4796,2012-03-16
0.4831,2012-03-15
0.4765,2012-03-14
0.486,2012-03-13
0.483,2012-03-12
0.482,2012-03-09
0.4799,2012-03-08
0.4924,2012-03-07
0.4992,2012-03-06
0.4984,2012-03-05
0.4946,2012-03-02
0.5065,2012-03-01
0.5047,2012-02-29
0.5017,2012-02-28
0.498,2012-02-27
0.4971,2012-02-24
0.5004,2012-02-23
0.4957,2012-02-22
0.4922,2012-02-21
0.5013,2012-02-20
0.4975,2012-02-17
0.5015,2012-02-16
0.5104,2012-02-15
0.4947,2012-02-14
0.492,2012-02-13
0.4968,2012-02-10
0.5037,2012-02-09
0.4981,2012-02-08
0.4989,2012-02-07
0.4997,2012-02-06
0.497,2012-02-03
0.502,2012-02-02
0.501,2012-02-01
0.51,2012-01-31
0.5252,2012-01-30
0.5182,2012-01-27
0.5177,2012-01-26
0.5171,2012-01-25
0.5115,2012-01-24
0.5211,2012-01-23
0.5081,2012-01-20
0.5118,2012-01-19
0.522,2012-01-18
0.5181,2012-01-17
0.5244,2012-01-16
0.5152,2012-01-13
0.5057,2012-01-12
0.5156,2012-01-11
0.519,2012-01-10
0.5128,2012-01-09
0.5038,2012-01-06
0.5077,2012-01-05
0.5269,2012-01-04
0.5169,2012-01-03
